,0
1,0.0
2,0.0
3,0.0
4,0.0
5,0.0
6,0.0
7,0.0
8,0.0
9,0.0
10,0.0
11,0.0
12,0.0
13,0.0
14,0.0
15,0.0
16,0.0
17,0.0
18,0.0
19,0.0
20,0.0
21,0.0
22,0.0
23,0.0
24,0.0
25,0.0
26,0.0
27,0.0
28,0.0
29,0.0
30,0.0
31,0.0
32,0.0
33,0.0
34,0.0
35,0.0
36,0.0
37,0.0
38,0.0
39,0.0
40,0.0
41,0.0
42,0.0
43,0.0
44,0.0
45,0.0
46,0.0
47,0.0
48,0.0
49,0.0
50,0.0
51,0.0
52,0.0
53,0.0
54,0.0
55,0.0
56,0.0
57,0.0
58,0.0
59,0.0
60,0.0
61,0.0
62,0.0
63,0.0
64,0.0
65,0.0
66,0.0
67,0.0
68,0.0
69,0.0
70,0.0
71,0.0
72,0.0
73,0.0
74,0.0
75,0.0
76,0.0
77,0.0
78,0.0
79,0.0
80,0.0
81,0.0
82,0.0
83,0.0
84,0.0
85,0.0
86,0.0
87,0.0
88,0.0
89,0.0
90,0.0
91,0.0
92,0.0
93,0.0
94,0.0
95,0.0
96,0.0
97,0.0
98,0.0
99,0.0
100,0.0
101,0.0
102,0.0
103,0.0
104,0.0
105,0.0
106,0.0
107,0.0
108,0.0
109,0.0
110,0.0
111,0.0
112,0.0
113,0.0
114,0.0
115,0.0
116,0.0
117,0.0
118,0.0
119,0.0
120,0.0
121,0.0
122,0.0
123,0.0
124,0.0
125,0.0
126,0.0
127,0.0
128,0.0
129,0.0
130,-0.6941432976208972
131,0.0
132,0.0
133,0.0
134,0.0
135,0.0
136,0.0
137,0.0
138,0.0
139,0.0
140,0.0
141,0.0
142,0.0
143,0.0
144,0.0
145,0.0
146,0.0
147,0.0
148,0.0
149,0.0
150,0.0
151,1.1214235063648679
152,0.0
153,0.0
154,0.0
155,0.0
156,0.0
157,1.2809991090316923
158,0.0
159,0.0
160,-0.6941432976208972
161,0.0
162,0.0
163,0.0
164,0.0
165,0.0
166,0.0
167,0.0
168,0.0
169,-66.59403020391194
170,0.0
171,0.0
172,0.0
173,0.0
174,0.0
175,0.0
176,0.0
177,0.0
178,0.0
179,0.0
180,0.0
181,0.0
182,0.0
183,0.0
184,0.0
185,-66.5937403234949
186,0.0
187,0.0
188,0.0
189,0.0
190,0.0
191,0.0
192,0.0
193,0.0
194,2.246925308111969
195,0.0
196,-66.53090532871686
197,0.0
198,0.0
199,0.0
200,0.0
201,0.0
202,0.0
203,0.0
204,-66.52622919691686
205,0.0
206,0.0
207,-2.374661819479229
208,0.0
209,0.0
210,0.5950484081266676
211,-1.4271161964337864
212,0.0
213,0.0
214,-66.65266988777651
215,0.0
216,0.0
217,0.0
218,0.0
219,0.0
220,0.0
221,0.0
222,0.0
223,0.0
224,-1.064632016123923
225,0.0
226,0.0
227,0.4900901129966921
228,-1.7215816801150179
229,0.0
230,-1.3935246088776647
231,68.80224007389444
232,0.0
233,-33.15012645230174
234,0.0
235,66.36504631484499
236,0.0
237,-66.31237275684067
238,0.0
239,0.0
240,66.38353464334847
241,-37.02441422055382
242,0.0
243,-62.97911156784863
244,33.14527390762716
245,-4.641282940303171
246,-29.02598702553263
247,60.35560178530849
248,-60.93596666140044
249,32.0428260813588
250,-72.16893045839944
251,38.84387133056488
252,-65.93259191397536
253,-0.45070330390117874
254,-0.6367189519167482
255,-41.6399853034991
256,-1.6050303696455142
257,-32.479076813180306
258,-32.305969618452465
259,29.388139757216436
260,-44.7232350266449
261,-76.47106771789728
262,-1.2573366400215966
263,14.063724052198031
264,-17.60922812796295
265,25.519743188590148
266,-2.0848808400735663
267,-2.275558679195437
268,-74.773882317245
269,70.31252075984042
270,-48.815004061298836
271,-26.013667797231697
272,-24.60583909178998
273,-27.131010021383872
274,44.52718172090234
275,-2.0407596598846096
276,-29.150463735831522
277,-2.2523352968462973
278,73.11871764590971
279,-61.92899782457886
280,41.11191429178168
281,-13.354525161176175
282,-32.86279006128747
283,147.15215140860755
284,32.02135363651546
285,0.0
286,-41.8356721139953
287,115.1163237099297
288,-41.8356721139953
289,-63.93438941790801
290,63.93438941790801
291,-31.823127862125965
292,40.48829120595343
293,-9.215058896118933
294,-33.00093556625446
295,0.0
296,-40.652838763821585
297,-57.671290887638094
298,-7.865861905094107
299,-66.17862534393524
300,71.23709617170728
301,-72.00538144925872
302,-0.8249438238950784
303,-62.28883456541776
304,-4.641282940303171
305,32.519147334995566
306,-67.0207527914652
307,0.0
308,0.0
309,0.0
310,0.0
311,0.0
312,-66.55463639394412
313,0.0
314,0.0
315,0.0
316,0.0
317,1.2186064909279537
318,0.0
319,-66.58062718762685
320,-1.7215816801150179
321,0.39676917333366646
322,0.0
323,-0.9713110764608975
324,0.0
325,-1.1896336019089424
326,0.5745419031272311
327,0.0
328,66.60887874077126
329,0.0
330,0.0
331,0.0
332,0.0
333,0.0
334,0.0
335,0.0
336,66.60818378267972
337,0.0
338,0.0
339,0.0
340,0.0
341,0.0
342,0.0
343,0.0
344,66.60722526969684
345,0.0
346,0.0
347,0.0
348,0.0
349,0.0
350,0.0
351,0.0
352,66.60600166421631
353,-0.5049346146118221
354,1.3146521128156508
355,0.0
356,0.0
357,0.0
358,0.0
359,0.0
360,0.0
361,0.0
362,0.0
363,0.0
364,0.0
365,0.0
366,0.0
367,0.0
368,0.0
369,0.0
370,0.9434551978259265
371,0.0
372,0.0
373,0.0
374,0.0
375,0.0
376,0.0
377,0.0
378,0.0
379,0.0
380,0.0
381,0.0
382,0.0
383,0.0
384,0.0
385,0.0
386,0.0
387,-0.9434551978259265
388,0.0
389,0.0
390,-1.3146521128156508
391,0.5049346146118221
392,0.0
393,66.60450728448761
394,0.0
395,0.0
396,0.0
397,0.0
398,0.0
399,0.0
400,0.0
401,0.0
402,0.0
403,66.60273230970712
404,0.0
405,0.0
406,0.0
407,0.0
408,0.0
409,-0.8819165281326018
410,0.0
411,66.49546881999935
412,0.0
413,0.0
414,0.0
415,0.0
416,66.49138938021603
417,0.0
418,0.0
419,0.0
420,0.0
421,66.48646112577742
422,0.0
423,0.0
424,0.0
425,0.0
426,0.0
427,66.48062967459225
428,0.0
429,0.0
430,0.0
431,0.0
432,66.47382548832776
433,0.0
434,0.0
435,2.0791150420526114
436,0.0
437,66.41544944526578
438,0.0
439,0.0
440,2.835008863434278
441,62.348363270659846
442,0.0
443,3.550858188507533
444,0.0
445,66.11469226201692
446,0.0
447,66.1013708897297
448,0.0
449,0.0
450,66.08470972328593
451,0.0
452,-28.916103046765922
453,66.00704732295681
454,0.0
455,0.0
456,-0.8134698822030847
457,0.0
458,70.87795353544641
459,-32.75519485815058
460,64.44356310593781
461,-26.166035725021196
462,72.033639603562
463,-65.14245556740028
464,72.6678985464736
465,-0.3907499249467132
466,-0.8926369853104651
467,-53.76332815237935
468,42.14649944671922
469,42.69225205507823
470,-31.35542299600379
471,-0.22741542194649375
472,-17.292016801162784
473,-0.5858243692642873
474,14.52479197165945
475,-87.65108773990752
476,91.46133675708003
477,-55.91261755766925
478,-0.18283737846284492
479,-7.065007626230843
480,-26.040795580012364
481,21.645390929781765
482,-1.576713001405968
483,24.021444542898728
484,-22.444731541492757
485,-21.66836224500237
486,5.94443465178299
487,27.393052358625763
488,-64.25466782202788
489,74.22683619787686
490,-28.312262126538695
491,56.62263189936236
492,0.0
493,0.0
494,-28.38826904483488
495,-45.61546106760399
496,0.10259579452747877
497,45.69458989617203
498,-91.49177558687155
499,-45.04757808006008
500,29.185577852871585
501,-12.951713881522647
502,-106.28183156519788
503,45.37127032948014
504,-59.41084348270873
505,-134.14351574003655
506,-88.08304056294105
507,0.41183447211980234
508,-74.03983284081916
509,-30.464570598723622
510,-62.429533015234284
511,-84.84176197859578
512,-73.34877005842841
513,-63.17916844768472
514,0.41280769842397075
515,0.3603085546263429
516,-70.79802451235295
517,6.258563738514056
518,0.37838992456649123
519,-68.62525153612526
520,1.59487722376781
521,1.800119916351998
522,2.477751433667545
523,0.0
524,0.0
525,0.0
526,0.0
527,0.0
528,0.0
529,0.0
530,0.0
531,0.0
532,0.0
533,0.0
534,0.0
535,0.0
536,0.0
537,0.0
538,0.0
539,0.0
540,0.0
541,0.0
542,0.0
543,0.0
544,0.0
545,0.0
546,0.0
547,0.0
548,0.0
549,0.0
550,0.0
551,0.0
552,0.0
553,0.0
554,0.0
555,0.0
556,0.0
557,0.0
558,0.0
559,0.0
560,0.0
561,0.0
562,66.64752608378173
563,0.0
564,0.0
565,0.0
566,0.0
567,0.0
568,0.0
569,0.0
570,0.0
571,0.0
572,0.0
573,0.0
574,0.0
575,0.0
576,0.0
577,0.0
578,0.0
579,0.0
580,0.0
581,0.0
582,0.0
583,0.0
584,0.0
585,0.0
586,0.0
587,0.0
588,0.0
589,0.0
590,0.0
591,0.0
592,0.0
593,0.0
594,0.0
595,0.0
596,0.0
597,0.0
598,0.0
599,0.0
600,0.0
601,0.0
602,0.0
603,0.0
604,0.0
605,-1.045491433238984
606,0.0
607,0.0
608,0.0
609,-1.4690009487634845
610,0.5554013202422918
611,0.0
612,0.0
613,0.0
614,0.0
615,0.0
616,0.0
617,-66.59164455256187
618,0.0
619,0.0
620,0.0
621,0.0
622,0.0
623,0.0
624,0.0
625,0.0
626,-66.59337578578999
627,0.7925030552626093
628,0.0
629,1.0579220994004621
630,0.0
631,0.0
632,0.0
633,0.0
634,0.0
635,0.0
636,0.0
637,0.0
638,0.0
639,0.0
640,0.0
641,66.64616016166724
642,0.0
643,0.0
644,0.0
645,0.0
646,0.0
647,0.0
648,0.0
649,0.0
650,0.0
651,0.0
652,-1.0506352372337584
653,0.0
654,0.0
655,0.0
656,0.0
657,0.0
658,0.0
659,0.0
660,0.0
661,0.0
662,0.0
663,-66.65344702383393
664,0.0
665,0.0
666,0.0
667,0.0
668,0.0
669,0.0
670,0.0
671,1.0579220994004621
672,0.0
673,0.0
674,1.3200010751461377
675,0.0
676,66.57164743252959
677,0.0
678,0.0
679,0.0
680,0.0
681,0.0
682,0.0
683,0.0
684,0.0
685,0.0
686,66.57630486272814
687,0.0
688,1.2988026051316364
689,0.0
690,0.0
691,0.0
692,66.44727878839755
693,0.0
694,0.0
695,0.0
696,0.0
697,66.45352603505994
698,0.0
699,0.0
700,0.0
701,0.0
702,68.06933122688483
703,0.0
704,-2.517751397623395
705,0.0
706,0.0
707,0.0
708,-0.9759210884359012
709,0.0
710,66.65182216505154
711,0.0
712,0.0
713,0.0
714,0.0
715,0.0
716,0.0
717,0.0
718,0.0
719,0.0
720,0.0
721,0.0
722,0.0
723,0.0
724,-1.045491433238984
725,0.0
726,0.0
727,0.0
728,-66.64875996447938
729,0.0
730,0.0
731,0.0
732,0.0
733,0.0
734,0.0
735,0.0
736,0.0
737,0.0
738,0.0
739,0.0
740,0.0
741,0.0
742,0.0
743,0.0
744,0.0
745,0.0
746,-66.64987828741977
747,0.0
748,0.0
749,0.0
750,0.0
751,0.0
752,0.0
753,0.0
754,0.0
755,0.0
756,0.0
757,1.041412477616177
758,0.0
759,0.0
760,1.039890314477295
761,0.0
762,1.0353459871675834
763,66.45852137766883
764,0.0
765,0.0
766,0.0
767,0.0
768,68.12667915337005
769,-1.6643572379515823
770,0.0
771,0.0
772,0.0
773,69.78142083711987
774,0.0
775,0.0
776,0.0
777,66.37522190644893
778,0.0
779,0.0
780,0.0
781,66.38041777272494
782,0.0
783,0.0
784,0.0
785,66.3840445926662
786,0.0
787,-1.1374428566178096
788,0.0
789,0.0
790,66.5402994081937
791,-1.4658015096337351
792,0.0
793,-1.2809991090316923
794,-1.0936804218642258
795,0.0
796,0.42728020874397055
797,-0.7150142768118428
798,0.0
799,-66.51968038313547
800,0.0
801,0.0
802,0.0
803,0.0
804,-66.52478913780845
805,0.0
806,0.0
807,0.0
808,0.0
809,0.0
810,-66.5288942177515
811,0.0
812,0.0
813,0.0
814,0.0
815,-69.39460825712622
816,0.0
817,0.0
818,0.0
819,0.0
820,-66.4396981066524
821,0.0
822,0.0
823,0.0
824,0.0
825,-66.44727878839755
826,0.0
827,0.0
828,0.0
829,0.0
830,-66.45352603505994
831,0.0
832,0.0
833,0.0
834,0.0
835,-66.45852137766883
836,0.0
837,0.0
838,-1.6108098492159921
839,-64.07174930751344
840,0.0
841,0.0
842,0.9135996285211927
843,0.0
844,0.0
845,1.045491433238984
846,1.1742671249548902
847,0.0
848,1.2988026051316364
849,-2.4441199966406186
850,68.89139878503818
851,0.0
852,-35.71819407063141
853,-33.20799362495208
854,66.39113879766944
855,3.6237877739267788
856,0.0
857,-33.20799362495208
858,-0.13127706270571102
859,0.0
860,-3.225227205759514
861,37.471342589661326
862,-33.134919310237386
863,1.2983725017612358
864,-4.97499707628298
865,-26.84988015116474
866,66.81741250654862
867,-71.75993120063235
868,-31.579990708132282
869,-72.46887632819372
870,41.13660150149083
871,33.147871382365445
872,-82.31931535523458
873,-19.828274371761744
874,-73.38522163505607
875,63.26789860728018
876,-73.04842252183145
877,76.05811644916425
878,-73.29682884990471
879,-13.816244289400004
880,-60.807461621995415
881,93.18558350740342
882,-90.9357087177798
883,28.732640427474603
884,-19.560820945329027
885,1.1414025147378957
886,26.368153214572015
887,-21.98794383892396
888,23.83481526005795
889,-44.71369418045702
890,48.608104362899006
891,-24.71987765763094
892,-8.344302096858533
893,1.1909176832543742
894,47.66383396975182
895,14.882505110615085
896,-29.236446540761563
897,106.86535946063151
898,2.8965778936708375
899,-32.148413631159656
900,105.738068581145
901,-32.148413631159656
902,-0.2754799796043983
903,95.97103308859877
904,9.687258482835642
905,-31.893816981195993
906,-8.921562530587817
907,72.96379314294347
908,0.824849119557077
909,-64.36156401261026
910,33.06193042599309
911,-71.91383654102334
912,7.718052343598458
913,-6.441197478972072
914,-58.139618851763686
915,-32.27237645044656
916,28.00765398516667
917,-27.430575531727662
918,0.9122430796213148
919,1.1518445923713947
920,3.0569747997920635
921,-68.21112752586819
922,1.5576598196267593
923,34.60309206789489
924,0.0
925,0.0
926,0.0
927,0.0
928,0.0
929,0.0
930,0.0
931,0.0
932,-66.65542629219654
933,0.0
934,0.0
935,0.0
936,1.022328616870638
937,0.0
938,0.0
939,1.3555945576759618
940,66.57362670089219
941,0.0
942,0.0
943,0.0
944,0.0
945,0.0
946,0.0
947,66.5784540033826
948,0.0
949,0.0
950,0.0
951,0.0
952,0.0
953,0.0
954,66.58270710591978
955,0.0
956,0.0
957,0.0
958,0.0
959,0.0
960,0.0
961,-1.6108098492159921
962,66.63665864458703
963,0.0
964,0.0
965,0.0
966,0.0
967,0.0
968,0.0
969,0.0
970,0.0
971,0.0
972,0.0
973,68.15031397007114
974,0.0
975,0.0
976,0.0
977,0.0
978,0.0
979,0.0
980,0.0
981,-1.5134157064908986
982,0.4900901129966921
983,0.0
984,0.0
985,0.0
986,66.65182216505154
987,0.0
988,0.0
989,0.0
990,0.0
991,0.0
992,0.0
993,0.0
994,0.0
995,0.0
996,0.0
997,0.0
998,0.0
999,0.0
1000,0.0
1001,0.0
1002,0.0
1003,0.0
1004,0.0
1005,66.65266988777651
1006,0.0
1007,0.0
1008,0.0
1009,-0.9967995729146159
1010,0.0
1011,0.0
1012,0.0
1013,0.0
1014,-66.65089504247041
1015,0.0
1016,0.0
1017,0.0
1018,0.0
1019,0.0
1020,0.0
1021,0.0
1022,0.0
1023,0.0
1024,0.0
1025,0.0
1026,0.0
1027,0.9950247276085141
1028,0.0
1029,0.0
1030,0.0
1031,0.0
1032,0.0
1033,0.0
1034,0.0
1035,0.0
1036,0.0
1037,0.0
1038,0.0
1039,0.0
1040,0.0
1041,0.0
1042,0.0
1043,0.0
1044,0.0
1045,66.65266988777651
1046,0.0
1047,0.0
1048,0.0
1049,0.0
1050,0.0
1051,0.0
1052,0.0
1053,0.0
1054,0.0
1055,0.0
1056,0.0
1057,0.0
1058,0.0
1059,0.0
1060,0.0
1061,0.0
1062,0.0
1063,0.0
1064,0.0
1065,66.65344702383393
1066,-33.333333333333336
1067,0.0
1068,0.0
1069,0.0
1070,0.8668452245811883
1071,0.0
1072,-66.63605054085528
1073,-33.31933655444317
1074,0.8819165281326018
1075,0.0
1076,0.7705648339744187
1077,-33.22128833880953
1078,0.8851842672174353
1079,-37.06492205389367
1080,37.81529060512507
1081,-32.090449034783106
1082,66.40604810799502
1083,-104.32574384529332
1084,72.511490497714
1085,-71.74603955197512
1086,-72.92483853076916
1087,9.97118639366903
1088,-9.476563119319556
1089,-30.810971053881058
1090,31.667520571805834
1091,-73.73816958708233
1092,30.681227013562545
1093,-44.454437822725154
1094,16.368540586090557
1095,12.823392850150839
1096,-101.69156560092082
1097,55.77094110067122
1098,-19.87933534034312
1099,-0.17705329742341291
1100,72.02300687873375
1101,-0.21720295609526374
1102,-71.25193067889958
1103,24.627976861307133
1104,-51.29164001522616
1105,46.281660348317644
1106,45.94068074939652
1107,-57.13884793566943
1108,-17.33184737225386
1109,89.59766164488911
1110,-0.29228043367245016
1111,-62.21537704183765
1112,104.7080505311051
1113,-32.43754206105862
1114,6.654143700040531
1115,162.6838964481441
1116,32.500260254033485
1117,7.233623562092836
1118,65.09990080069367
1119,0.06002749009491974
1120,-32.458127094857524
1121,137.12731780729044
1122,-32.500260254033485
1123,0.17035052359470154
1124,32.585895951586494
1125,-72.46129321951548
1126,39.220479822219545
1127,-65.33957008737588
1128,-6.722092124154244
1129,38.56680853280838
1130,-71.84720456911613
1131,0.0
1132,-71.23611739536173
1133,70.65464401272314
1134,0.0
1135,-66.01336107241997
1136,0.0
1137,33.067725900620815
1138,-65.98881074022518
1139,0.0
1140,0.0
1141,-65.9777856239728
1142,-4.944025021599549
1143,-66.12916080974276
1144,0.0
1145,0.0
1146,-62.8047230800064
1147,-4.133852226815193
1148,0.0
1149,2.374661819479229
1150,-69.48998026731203
1151,1.387551463389277
1152,-1.8486856383059802
1153,0.46287369127379446
1154,0.0
1155,-1.079946098360196
1156,-0.7704790563028752
1157,-2.3090327245663884
1158,-1.376541567453534
1159,0.0
1160,66.36918662690749
1161,0.0
1162,0.0
1163,0.0
1164,69.7759862708639
1165,0.0
1166,0.0
1167,0.0
1168,66.45741098129298
1169,0.0
1170,0.0
1171,0.0
1172,0.0
1173,66.45406896192347
1174,0.9851326912369748
1175,0.0
1176,0.0
1177,0.0
1178,0.0
1179,0.0
1180,66.58287661224225
1181,0.0
1182,0.0
1183,0.0
1184,0.0
1185,0.0
1186,0.0
1187,67.73886357488728
1188,0.0
1189,0.0
1190,0.0
1191,0.0
1192,0.0
1193,0.0
1194,0.0
1195,0.0
1196,0.0
1197,0.0
1198,0.0
1199,0.0
1200,0.0
1201,0.0
1202,0.0
1203,0.0
1204,0.0
1205,0.0
1206,66.64752608378173
1207,0.0
1208,0.0
1209,0.0
1210,0.0
1211,0.0
1212,0.0
1213,0.0
1214,1.064632016123923
1215,0.0
1216,0.0
1217,0.0
1218,0.0
1219,0.0
1220,0.0
1221,0.0
1222,0.0
1223,0.0
1224,0.0
1225,0.0
1226,0.0
1227,-66.65182216505154
1228,0.0
1229,0.0
1230,0.0
1231,0.0
1232,0.0
1233,0.0
1234,0.0
1235,0.0
1236,0.0
1237,1.5134157064908986
1238,-0.5554013202422918
1239,0.0
1240,0.0
1241,0.0
1242,0.0
1243,-66.58580749348863
1244,0.0
1245,0.0
1246,0.0
1247,0.0
1248,0.0
1249,0.0
1250,0.0
1251,0.0
1252,-66.58287661224225
1253,0.0
1254,-1.6108098492159921
1255,0.5207062388080885
1256,0.0
1257,0.0
1258,0.0
1259,0.0
1260,0.0
1261,0.0
1262,0.0
1263,0.0
1264,0.0
1265,0.0
1266,0.0
1267,0.0
1268,-1.058200856863086
1269,0.0
1270,0.0
1271,0.0
1272,-1.023101935230386
1273,0.0
1274,-2.595942540452967
1275,0.0
1276,0.0
1277,69.17881915269521
1278,0.0
1279,0.0
1280,0.0
1281,0.0
1282,0.0
1283,68.09285665803841
1284,0.0
1285,0.0
1286,0.0
1287,0.0
1288,66.53104238227576
1289,0.0
1290,0.0
1291,0.0
1292,-1.4690009487634845
1293,0.0
1294,66.57087029647215
1295,0.0
1296,1.7828747664199323
1297,-0.4760933341065273
1298,0.0
1299,0.0
1300,0.0
1301,0.0
1302,0.0
1303,0.0
1304,0.0
1305,0.0
1306,66.64464266770693
1307,0.0
1308,0.0
1309,0.0
1310,1.079946098360196
1311,0.0
1312,0.0
1313,0.0
1314,-66.65344702383393
1315,0.0
1316,0.0
1317,0.0
1318,0.0
1319,0.0
1320,0.0
1321,0.0
1322,0.0
1323,0.0
1324,0.0
1325,1.4271161964337864
1326,-0.5950484081266676
1327,0.0
1328,-66.59027863044737
1329,2.4441199966406186
1330,-1.7215816801150179
1331,0.0
1332,0.0
1333,0.0
1334,-66.45741098129298
1335,0.0
1336,0.0
1337,0.0
1338,0.0
1339,-66.45406896192347
1340,0.0
1341,0.0
1342,0.0
1343,-66.44947683087317
1344,0.0
1345,0.0
1346,0.0
1347,0.0
1348,-69.21138913064446
1349,1.5134157064908986
1350,0.0
1351,0.0
1352,-1.1594226233397602
1353,0.0
1354,-1.060335934854114
1355,0.0
1356,0.0
1357,0.0
1358,0.0
1359,0.0
1360,0.0
1361,0.0
1362,0.0
1363,0.0
1364,-1.5134157064908986
1365,0.5554013202422918
1366,0.0
1367,66.58580749348863
1368,0.0
1369,0.0
1370,0.0
1371,0.0
1372,0.0
1373,0.0
1374,0.0
1375,0.0
1376,66.58287661224225
1377,0.0
1378,0.0
1379,0.0
1380,0.0
1381,0.0
1382,0.0
1383,0.0
1384,66.57944095154753
1385,0.0
1386,0.0
1387,0.0
1388,0.0
1389,0.0
1390,66.57545714000317
1391,0.0
1392,0.0
1393,0.0
1394,0.0
1395,0.0
1396,0.0
1397,66.57087029647215
1398,1.306781432313405
1399,0.0
1400,0.0
1401,0.0
1402,0.0
1403,0.0
1404,0.0
1405,0.0
1406,0.0
1407,0.0
1408,0.0
1409,0.0
1410,1.0711417422331948
1411,0.0
1412,0.0
1413,0.0
1414,0.0
1415,0.0
1416,0.0
1417,0.0
1418,0.0
1419,0.0
1420,-66.65266988777651
1421,0.0
1422,0.0
1423,0.0
1424,0.0
1425,0.0
1426,1.4690009487634845
1427,-0.5745419031272311
1428,0.0
1429,0.0
1430,0.0
1431,0.0
1432,-66.58826682443919
1433,0.0
1434,0.0
1435,0.0
1436,0.0
1437,0.0
1438,0.0
1439,-66.58580749348863
1440,0.0
1441,0.0
1442,0.0
1443,0.0
1444,-1.023101935230386
1445,0.0
1446,0.0
1447,0.0
1448,0.0
1449,0.0
1450,-66.64987828741977
1451,0.0
1452,0.0
1453,0.0
1454,0.0
1455,0.0
1456,-1.058200856863086
1457,0.0
1458,0.0
1459,0.0
1460,0.0
1461,0.0
1462,0.0
1463,0.0
1464,0.0
1465,0.0
1466,66.64987828741977
1467,0.0
1468,0.0
1469,0.0
1470,0.0
1471,0.0
1472,0.0
1473,0.0
1474,0.0
1475,-1.0901036104079036
1476,0.0
1477,0.0
1478,-1.1185324726060486
1479,-33.18314517271735
1480,66.45352603505994
1481,0.0
1482,-66.37533489223037
1483,0.0
1484,0.0
1485,66.4662637935038
1486,-33.19218971951301
1487,-69.72489520184293
1488,2.4441199966406186
1489,-33.12368816441994
1490,33.20799362495208
1491,-4.134104607427484
1492,3.316458903882828
1493,-37.716459587919836
1494,4.134104607427484
1495,-71.23709617170728
1496,37.92553124033802
1497,-6.142503341612601
1498,-66.4371867028855
1499,-39.92941887383665
1500,-1.2861404983986802
1501,-1.1433280703627702
1502,-64.9632246301882
1503,31.432989169572306
1504,-116.83490345081988
1505,30.458573739473614
1506,-75.87479535312127
1507,73.09437186059688
1508,-75.0676895717715
1509,13.828311101665255
1510,-47.11596262115734
1511,-17.90128279299405
1512,15.679469190082074
1513,-65.96711551184764
1514,5.705088777884981
1515,-50.146751230072326
1516,-1.703265985137866
1517,47.83800213916223
1518,-96.83431853569952
1519,21.157534602508814
1520,-26.761965257673147
1521,39.9544575297836
1522,-76.00431933125881
1523,16.378707377725732
1524,15.162281529438104
1525,87.76861665239414
1526,-76.29799970544819
1527,12.595570590703886
1528,10.786561013281215
1529,-1.6954755187635822
1530,-14.544847895171861
1531,70.49141082775634
1532,-34.85982562961709
1533,102.96385163391739
1534,-67.52116433302433
1535,101.60617449090476
1536,-0.5997398141630583
1537,31.988685268857136
1538,66.61118049766563
1539,66.60636216572988
1540,0.0
1541,99.89904109411944
1542,0.0
1543,99.8839237020062
1544,0.0
1545,66.57912027068966
1546,33.286018452769405
1547,34.670947218653225
1548,66.6422066493638
1549,0.0
1550,0.0
1551,66.63782538616138
1552,0.0
1553,0.0
1554,33.31756170913707
1555,0.0
1556,-0.42728020874397055
1557,0.0
1558,0.0
1559,0.0
1560,0.0
1561,0.9479864475520591
1562,0.0
1563,0.7602928702236038
1564,0.0
1565,0.0
1566,0.0
1567,0.0
1568,0.0
1569,0.0
1570,0.0
1571,0.0
1572,-66.60600166421631
1573,0.0
1574,0.0
1575,0.0
1576,0.0
1577,0.0
1578,0.0
1579,0.0
1580,0.0
1581,0.0
1582,0.0
1583,-66.11441717149091
1584,-1.3501193551438937
1585,0.0
1586,0.0
1587,0.0
1588,-0.940458334446485
1589,0.0
1590,0.0
1591,0.0
1592,0.0
1593,0.0
1594,66.65182216505154
1595,0.0
1596,0.0
1597,0.0
1598,0.0
1599,0.0
1600,0.0
1601,0.0
1602,0.0
1603,0.9434551978259265
1604,0.0
1605,0.0
1606,0.8097174982038288
1607,0.0
1608,0.0
1609,0.0
1610,0.0
1611,-66.60450728448761
1612,0.0
1613,0.0
1614,0.0
1615,0.0
1616,0.0
1617,0.0
1618,0.0
1619,0.0
1620,2.246925308111969
1621,-67.96774108968648
1622,0.0
1623,0.0
1624,0.0
1625,0.0
1626,-66.49546881999935
1627,0.0
1628,0.0
1629,0.0
1630,0.0
1631,-66.49138938021603
1632,0.0
1633,0.0
1634,0.0
1635,-1.094000641496725
1636,0.0
1637,0.0
1638,-66.59555976908844
1639,0.0
1640,0.0
1641,0.0
1642,0.0
1643,0.0
1644,0.0
1645,0.0
1646,0.0
1647,0.0
1648,-66.59247382120579
1649,-1.5605965532853836
1650,0.42728020874397055
1651,0.0
1652,0.0
1653,0.0
1654,0.0
1655,0.0
1656,0.0
1657,0.0
1658,0.0
1659,0.0
1660,0.0
1661,0.0
1662,0.0
1663,0.0
1664,0.0
1665,-0.9479864475520591
1666,0.0
1667,0.0
1668,0.0
1669,0.0
1670,0.0
1671,0.0
1672,0.0
1673,0.0
1674,66.65542629219654
1675,0.0
1676,0.0
1677,0.0
1678,0.0
1679,-1.3146521128156508
1680,0.5049346146118221
1681,0.0
1682,0.0
1683,0.0
1684,0.0
1685,-0.6746484338741254
1686,66.50123135901325
1687,0.0
1688,0.0
1689,0.0
1690,0.0
1691,0.0
1692,66.498740140923
1693,0.0
1694,0.0
1695,0.0
1696,0.0
1697,65.4880426406829
1698,0.0
1699,-33.12368816441994
1700,-0.9088774016679698
1701,66.14240702507436
1702,4.024042444404804
1703,-70.93301895517499
1704,64.78489014506295
1705,5.619668312687528
1706,64.80986006058227
1707,-33.079025697874684
1708,72.5130898390423
1709,63.91486677507435
1710,-32.591139644805864
1711,41.47811646341661
1712,-0.48642426784274073
1713,-12.456318419363537
1714,55.07610436502096
1715,-43.64376358730222
1716,87.15726513363151
1717,0.0
1718,-12.843456494229127
1719,-30.800307093073087
1720,0.0
1721,-13.085215502422898
1722,-30.800307093073087
1723,-30.52858447694433
1724,-44.268894985170704
1725,-16.92289329038843
1726,30.254167626436395
1727,-0.10995155633869066
1728,-104.55923969032028
1729,-14.906335821817626
1730,-104.56596336299148
1731,-29.562577504778176
1732,0.02763886528924786
1733,-16.811873623120732
1734,-148.85157305642264
1735,27.892566664577128
1736,-28.119303382433003
1737,-166.50857636712408
1738,-46.50559217471416
1739,26.57284451324126
1740,-93.867313774048
1741,0.026187380487148935
1742,-21.977074066483482
1743,-22.98125692615353
1744,-118.08731319629948
1745,-24.86815019907122
1746,-68.8012587697641
1747,-50.33226174054555
1748,-98.87327903747986
1749,47.744428494317745
1750,-82.5528374157918
1751,-56.00776570969141
1752,17.630523937901426
1753,-73.65544309650456
1754,-59.994176107836005
1755,87.42246874521449
1756,-50.473533814731184
1757,-62.17834330035099
1758,-45.76554511433197
1759,8.35929546601572
1760,-32.853702975419694
1761,32.62484490747279
1762,-65.42004175855165
1763,0.0
1764,-0.10055693657212336
1765,32.59797402303046
1766,-71.09540459127739
1767,-65.59781776630777
1768,0.0
1769,-32.9140459123155
1770,39.222174380084596
1771,-65.5840744749933
1772,0.0
1773,-64.67269328049431
1774,0.0
1775,5.182883895308285
1776,-66.12957178399176
1777,4.503594128151889
1778,3.912010934141108
1779,-68.31972416533627
1780,3.258005794416382
1781,2.6698599003199304
1782,2.079193974432769
1783,2.3790570492676486
1784,2.3728536020110864
1785,-0.2975953253927818
1786,-2.3790570492676486
1787,-2.079193974432769
1788,0.20391773648948214
1789,-3.8430958924988565
1790,55.921275725876995
1791,-11.923849238318004
1792,66.42366524603295
1793,-15.601199338936311
1794,56.24179943562808
1795,64.98082551954312
1796,62.599517356046405
1797,62.84723289844247
1798,85.1437834896359
1799,0.0
1800,62.73887939923218
1801,62.91417000511051
1802,85.01120913739608
1803,62.832184219157014
1804,74.66034010230895
1805,73.21422680013387
1806,62.89945810725885
1807,0.0
1808,74.5435815502018
1809,73.29031735794717
1810,62.95071275525039
1811,74.45181231126365
1812,73.3484707300215
1813,73.13392083257048
1814,63.292453315601925
1815,0.0
1816,73.16118878924804
1817,63.614311410874556
1818,73.11511002065909
1819,72.72297202259969
1820,0.0
1821,63.29696922233754
1822,71.9756340208131
1823,-7.865861905094107
1824,71.5597390134993
1825,-6.797872912901681
1826,71.01121014947948
1827,-1.4826142014238524
1828,61.26189744328059
1829,-0.7298136197931626
1830,-1.1374428566178096
1831,64.40809768543971
1832,0.0
1833,0.0
1834,0.0
1835,0.0
1836,0.0
1837,0.0
1838,66.5962705644431
1839,0.0
1840,0.0
1841,0.0
1842,0.0
1843,0.0
1844,0.6941432976208972
1845,0.0
1846,66.626090484867
1847,-1.2186064909279537
1848,0.0
1849,0.0
1850,0.0
1851,0.0
1852,0.0
1853,0.0
1854,0.0
1855,0.0
1856,0.0
1857,0.0
1858,0.0
1859,0.0
1860,0.0
1861,0.0
1862,0.0
1863,0.0
1864,0.0
1865,0.0
1866,0.0
1867,-1.1307391754143008
1868,0.0
1869,0.0
1870,0.0
1871,0.0
1872,0.0
1873,0.0
1874,0.0
1875,0.0
1876,0.0
1877,0.0
1878,0.0
1879,0.0
1880,0.0
1881,0.0
1882,0.0
1883,-66.6365144161984
1884,0.0
1885,0.0
1886,0.0
1887,0.0
1888,0.0
1889,0.0
1890,0.0
1891,0.0
1892,0.0
1893,0.0
1894,0.0
1895,0.0
1896,0.0
1897,0.0
1898,0.0
1899,0.0
1900,0.0
1901,0.0
1902,0.0
1903,-66.21164337342206
1904,0.0
1905,0.0
1906,-1.9960133858435352
1907,1.2809991090316923
1908,0.0
1909,0.0
1910,0.0
1911,-66.51968038313547
1912,0.0
1913,0.0
1914,0.0
1915,0.0
1916,0.0
1917,-66.52478913780845
1918,0.0
1919,0.0
1920,0.0
1921,0.0
1922,0.0
1923,-66.5288942177515
1924,0.0
1925,-2.963932847368393
1926,0.0
1927,2.3090327245663884
1928,-66.36504631484499
1929,-3.993428746079649
1930,0.0
1931,0.0
1932,-66.23897909942626
1933,0.0
1934,0.0
1935,-66.2506865174232
1936,0.0
1937,0.0
1938,-66.25991562013382
1939,0.0
1940,0.0
1941,0.0
1942,-66.2667879725549
1943,0.0
1944,0.0
1945,-66.27138004967534
1946,-2.7678035538951207
1947,0.0
1948,3.4129735165118786
1949,-66.46496193323705
1950,-1.7215816801150179
1951,2.374661819479229
1952,0.0
1953,0.8525742933065554
1954,0.0
1955,1.0506352372337584
1956,0.0
1957,1.2454883460084907
1958,-1.4271161964337864
1959,0.48786373816191997
1960,3.993428746079649
1961,67.77003060451392
1962,-4.37316725439274
1963,0.0
1964,71.68453915082284
1965,0.0
1966,65.6901146553165
1967,0.0
1968,70.48829118417146
1969,0.0
1970,0.0
1971,65.86135520332543
1972,0.0
1973,65.87127900331626
1974,0.0
1975,65.87681539356349
1976,0.0
1977,0.0
1978,71.64495684285596
1979,-5.767037984760748
1980,70.3207322222537
1981,0.0
1982,66.04064077104965
1983,0.0
1984,0.0
1985,64.95389646795928
1986,0.0
1987,0.0
1988,62.65891676511378
1989,2.1687964929238746
1990,-2.835008863434278
1991,0.0
1992,0.0
1993,66.54700938543682
1994,0.0
1995,0.0
1996,0.0
1997,0.0
1998,0.0
1999,66.54790285222052
2000,0.0
2001,0.0
2002,0.0
2003,0.0
2004,0.0
2005,0.0
2006,67.38086865079715
2007,-1.8907683769803896
2008,0.0
2009,-1.1356307253232483
2010,0.0
2011,-1.2115521277190548
2012,0.0
2013,0.0
2014,0.0
2015,0.0
2016,0.0
2017,0.0
2018,0.0
2019,0.0
2020,0.0
2021,0.3787389776926868
2022,0.0
2023,1.1356307253232483
2024,-2.492228258032962
2025,-64.5392944691024
2026,0.0
2027,0.0
2028,0.0
2029,0.0
2030,-66.44055020985155
2031,0.0
2032,0.0
2033,0.0
2034,0.0
2035,-66.4489229173847
2036,0.0
2037,0.0
2038,-3.601141608533946
2039,2.835008863434278
2040,-66.23678663392123
2041,0.0
2042,-1.0830206429349214
2043,-65.96699733230635
2044,0.0
2045,0.0
2046,-69.90584090589589
2047,0.0
2048,0.0
2049,-66.1051156403122
2050,0.0
2051,0.0
2052,-66.12102329522229
2053,0.0
2054,0.0
2055,-66.13339113598613
2056,0.0
2057,0.0
2058,-66.14246448679721
2059,0.0
2060,0.0
2061,-69.66366003393509
2062,0.0
2063,3.739207046023315
2064,-68.97127743268334
2065,0.0
2066,1.0353459871675834
2067,0.0
2068,0.0
2069,1.039890314477295
2070,0.0
2071,0.0
2072,0.0
2073,-66.65089504247041
2074,0.0
2075,0.0
2076,0.0
2077,0.0
2078,0.0
2079,0.0
2080,0.0
2081,0.0
2082,0.0
2083,0.0
2084,0.0
2085,0.0
2086,0.0
2087,0.0
2088,1.0424292326668194
2089,0.0
2090,0.0
2091,0.0
2092,1.10587523460417
2093,0.0
2094,0.0
2095,66.58389336729289
2096,0.0
2097,0.0
2098,0.0
2099,0.0
2100,0.0
2101,0.0
2102,0.0
2103,66.58692581642902
2104,0.0
2105,0.0
2106,0.0
2107,0.0
2108,0.0
2109,0.0
2110,66.58950070513683
2111,0.0
2112,0.0
2113,0.0
2114,0.0
2115,0.0
2116,0.0
2117,66.59164455256187
2118,0.0
2119,2.374661819479229
2120,0.0
2121,0.0
2122,-1.7215816801150179
2123,-0.04204844574170845
2124,3.225227205759514
2125,0.0
2126,1.3663010535323632
2127,66.18710345175364
2128,-33.16224630453893
2129,0.0
2130,-66.35634988712411
2131,66.22402478220621
2132,-33.18314517271735
2133,-33.19218971951301
2134,-0.1447523662946537
2135,-3.4129735165118786
2136,-28.45705197156576
2137,-0.16843755056494086
2138,-37.15896175464219
2139,-60.750430710184375
2140,61.12753523364205
2141,-98.60381214693277
2142,-64.85321366007592
2143,-31.63047497009354
2144,-71.67974776531405
2145,0.8934064311032349
2146,0.9704515957298081
2147,-136.8287495567773
2148,-8.920987524713553
2149,-73.03867823571437
2150,11.356046791087948
2151,-40.78915036112013
2152,-42.93729292298518
2153,-41.972840494907615
2154,0.9616947569246767
2155,-117.87339762396769
2156,30.776467421549352
2157,-60.3953115756229
2158,1.7438587934665388
2159,-63.532324163291776
2160,1.559115468113248
2161,-64.69915327886362
2162,-19.84002694416122
2163,5.227983312170063
2164,-92.39244532437176
2165,26.317568126140976
2166,-0.36691509443483505
2167,-28.118802130409176
2168,-71.18149063717745
2169,21.8155251675609
2170,-36.28783750353399
2171,-10.777341707375617
2172,61.739826657852724
2173,-45.17204817086504
2174,-60.496199332836184
2175,75.76128451164941
2176,-82.8076800121752
2177,116.37867524035399
2178,-23.22627146447592
2179,-52.05922944376648
2180,71.37422748346569
2181,37.476809012426315
2182,-64.06384188323197
2183,3.416426482507262
2184,66.66666666666667
2185,33.333333333333336
2186,33.333333333333336
2187,0.0
2188,66.66666666666667
2189,33.333333333333336
2190,66.66666666666667
2191,0.0
2192,33.333333333333336
2193,0.0
2194,66.66666666666667
2195,0.0
2196,0.0
2197,0.0
2198,0.0
2199,99.97628365657398
2200,0.0
2201,0.0
2202,0.0
2203,0.0
2204,0.0
2205,-0.41660158283699883
2206,0.0
2207,1.8486856383059802
2208,-1.2490247172157374
2209,0.0
2210,0.9936407262967369
2211,66.37426917641562
2212,0.0
2213,0.0
2214,0.0
2215,0.0
2216,66.38270398976995
2217,0.0
2218,0.0
2219,0.0
2220,0.0
2221,68.63632889767337
2222,0.0
2223,0.0
2224,0.0
2225,66.45660046967072
2226,0.0
2227,0.0
2228,0.0
2229,0.0
2230,63.86775158972048
2231,1.4271161964337864
2232,0.0
2233,0.0
2234,0.0
2235,0.0
2236,0.0
2237,0.0
2238,66.58971741678576
2239,0.0
2240,0.0
2241,0.0
2242,0.0
2243,0.0
2244,1.0487504488599106
2245,0.0
2246,66.4745167469988
2247,0.0
2248,0.0
2249,0.0
2250,-0.9307042901497198
2251,0.0
2252,66.59501351125054
2253,0.0
2254,0.0
2255,-0.9064099576256979
2256,0.0
2257,0.0
2258,0.0
2259,0.0
2260,0.0
2261,0.0
2262,0.0
2263,0.0
2264,0.0
2265,0.0
2266,0.0
2267,0.0
2268,-0.9967995729146159
2269,0.0
2270,0.0
2271,0.0
2272,0.0
2273,0.0
2274,0.0
2275,0.0
2276,0.0
2277,0.0
2278,0.0
2279,0.0
2280,0.0
2281,0.0
2282,0.0
2283,0.9967995729146159
2284,0.0
2285,0.0
2286,0.0
2287,0.0
2288,0.0
2289,0.0
2290,0.0
2291,0.0
2292,0.0
2293,0.0
2294,0.0
2295,0.0
2296,0.0
2297,0.0
2298,66.65344702383393
2299,0.0
2300,0.0
2301,0.0
2302,0.0
2303,0.0
2304,0.0
2305,0.0
2306,-1.0003683093287918
2307,0.0
2308,0.0
2309,0.0
2310,0.0
2311,0.0
2312,0.0
2313,0.0
2314,0.0
2315,0.0
2316,0.0
2317,0.0
2318,0.0
2319,0.0
2320,0.0
2321,0.0
2322,0.0
2323,0.0
2324,0.0
2325,0.0
2326,0.0
2327,-66.64987828741977
2328,-1.0845032191788562
2329,0.0
2330,0.0
2331,0.0
2332,0.0
2333,0.0
2334,0.0
2335,0.0
2336,0.0
2337,-66.58971741678576
2338,0.0
2339,0.0
2340,0.0
2341,0.0
2342,-33.27407407399079
2343,0.0
2344,0.0
2345,0.0
2346,0.0
2347,-133.15988534655173
2348,0.0
2349,-33.790953067381224
2350,1.3146521128156508
2351,0.0
2352,-66.64474766628956
2353,-32.41179713588451
2354,0.0
2355,-67.05421117377124
2356,-31.81111209743056
2357,-34.435344963001555
2358,0.6688641676935466
2359,67.22825173517583
2360,-69.64990454293509
2361,-98.55686042451761
2362,-4.597710848570102
2363,-65.33441170146286
2364,0.9376345673345554
2365,-78.40698868444053
2366,0.366214632462795
2367,-31.24088480202604
2368,23.763609695940723
2369,-83.58020088101887
2370,-42.40636123436019
2371,0.6526270106684015
2372,-86.72677868495089
2373,16.578375104007986
2374,30.359290076061406
2375,13.185672039083585
2376,-91.27342659677164
2377,9.946959091776483
2378,-19.022317802370264
2379,5.959938522388342
2380,3.83554014921188
2381,1.2557659651939446
2382,-24.021444542898728
2383,22.765678577704783
2384,-24.58431542214849
2385,-58.72268649086294
2386,64.98688690452663
2387,-10.496103641783114
2388,15.99844590954973
2389,-14.530085237538515
2390,27.218654961381716
2391,-0.5824321132855914
2392,86.3683379267433
2393,0.0
2394,31.119436912722403
2395,-12.229584751194505
2396,43.26609732860879
2397,-0.10876839811733893
2398,-43.157328930491445
2399,117.50882585018729
2400,-43.26609732860879
2401,-19.1798572912924
2402,0.0
2403,-0.4276401267072553
2404,31.28830917400869
2405,-52.09050479312782
2406,-42.68066373935848
2407,-73.8834161035232
2408,41.744147116360374
2409,-32.162519452402805
2410,-55.52581272305328
2411,-33.202417182722385
2412,0.0
2413,-65.61076445796974
2414,6.4713633408644
2415,-66.29056579600767
2416,75.57784624323698
2417,-67.21480303870186
2418,3.1111910961811873
2419,2.423989650832444
2420,-0.3350955234235897
2421,-66.25025422924237
2422,-2.4698573109944277
2423,33.30502476998921
2424,66.63715508336523
2425,0.0
2426,0.0
2427,0.0
2428,0.0
2429,0.0
2430,0.0
2431,0.0
2432,0.0
2433,0.0
2434,0.0
2435,-1.7704470636725016
2436,66.59750236006778
2437,0.0
2438,0.0
2439,0.0
2440,0.0
2441,0.0
2442,67.51965095552185
2443,0.0
2444,0.0
2445,0.0
2446,0.0
2447,0.0
2448,66.54254019464456
2449,0.0
2450,-2.6429975449718297
2451,0.0
2452,0.0
2453,63.013640966088744
2454,2.492228258032962
2455,0.0
2456,0.0
2457,66.28071820669099
2458,0.0
2459,0.0
2460,66.28393445439922
2461,0.0
2462,0.0
2463,66.28449471632946
2464,0.0
2465,0.0
2466,66.28262117239814
2467,0.0
2468,0.0
2469,0.0
2470,66.2784653195241
2471,0.0
2472,0.0
2473,70.29616248194989
2474,0.0
2475,0.0
2476,1.2193262340131148
2477,66.53090532871686
2478,0.0
2479,0.0
2480,0.0
2481,0.0
2482,66.52622919691686
2483,0.0
2484,0.0
2485,0.0
2486,0.0
2487,0.0
2488,66.52082045328598
2489,0.0
2490,0.0
2491,2.4441199966406186
2492,0.0
2493,0.0
2494,66.58826682443919
2495,0.0
2496,0.0
2497,0.0
2498,0.0
2499,0.0
2500,0.0
2501,0.0
2502,66.58580749348863
2503,0.0
2504,0.0
2505,0.0
2506,0.0
2507,0.0
2508,0.0
2509,0.0
2510,66.58287661224225
2511,0.0
2512,0.0
2513,0.0
2514,1.0901036104079036
2515,0.0
2516,0.0
2517,0.0
2518,0.0
2519,0.0
2520,0.0
2521,0.0
2522,0.0
2523,66.64875996447938
2524,0.0
2525,0.0
2526,0.0
2527,0.0
2528,0.0
2529,0.0
2530,0.0
2531,0.0
2532,0.0
2533,0.0
2534,0.0
2535,0.0
2536,0.0
2537,0.0
2538,0.0
2539,0.0
2540,0.0
2541,0.0
2542,0.0
2543,0.0
2544,0.0
2545,66.64752608378173
2546,1.064632016123923
2547,-66.65182216505154
2548,0.0
2549,0.0
2550,0.0
2551,0.0
2552,0.0
2553,0.0
2554,0.0
2555,0.0
2556,0.0
2557,0.0
2558,0.0
2559,0.0
2560,0.0
2561,0.0
2562,0.0
2563,0.0
2564,0.0
2565,0.0
2566,-1.060335934854114
2567,0.0
2568,0.0
2569,0.0
2570,-1.1594226233397602
2571,0.0
2572,0.0
2573,0.0
2574,0.0
2575,66.57545714000317
2576,0.0
2577,0.0
2578,0.0
2579,1.7215816801150179
2580,-0.4900901129966921
2581,0.0
2582,0.0
2583,0.0
2584,0.0
2585,1.064632016123923
2586,0.0
2587,0.8944590456362533
2588,0.0
2589,2.4441199966406186
2590,-1.7215816801150179
2591,0.5504479588707294
2592,-66.26042163980752
2593,0.0
2594,0.0
2595,-66.2568475142443
2596,0.0
2597,0.0
2598,0.0
2599,-66.25087107333817
2600,0.0
2601,-3.739207046023315
2602,0.0
2603,-63.847643036296375
2604,0.0
2605,0.0
2606,-2.7678035538951207
2607,-66.53104238227576
2608,0.0
2609,0.0
2610,0.0
2611,0.0
2612,0.0
2613,-66.52898554414246
2614,0.0
2615,0.0
2616,0.0
2617,1.4271161964337864
2618,0.0
2619,-66.56561215298815
2620,-1.8486856383059802
2621,0.46287369127379446
2622,0.0
2623,-1.079946098360196
2624,0.0
2625,0.0
2626,0.0
2627,0.0
2628,0.0
2629,0.0
2630,0.0
2631,0.0
2632,0.0
2633,0.0
2634,0.0
2635,0.0
2636,0.0
2637,0.0
2638,66.65344702383393
2639,0.0
2640,0.0
2641,0.0
2642,0.0
2643,0.0
2644,0.0
2645,0.0
2646,0.0
2647,0.0
2648,0.0
2649,0.0
2650,0.0
2651,0.0
2652,0.0
2653,0.0
2654,1.0711417422331948
2655,0.0
2656,0.0
2657,0.0
2658,0.0
2659,0.0
2660,0.0
2661,0.0
2662,0.0
2663,-1.0711417422331948
2664,0.0
2665,0.0
2666,0.0
2667,-1.4271161964337864
2668,0.5950484081266676
2669,0.0
2670,64.14615863380675
2671,1.7215816801150179
2672,-3.4129735165118786
2673,2.862525557641149
2674,-4.37316725439274
2675,69.99248149795037
2676,-5.479370864652348
2677,63.98286631834924
2678,0.0
2679,72.30014819375477
2680,0.0
2681,71.1313302410242
2682,0.0
2683,65.47548774674432
2684,0.0
2685,65.45841564114134
2686,0.0
2687,65.43407091113227
2688,0.0
2689,72.2994409441507
2690,0.0
2691,65.6248505714526
2692,0.0
2693,67.08286087011194
2694,0.0
2695,0.0
2696,67.21730311716765
2697,0.0
2698,-2.905341474013312
2699,70.04574390125539
2700,-2.028602621377947
2701,1.0482764700480374
2702,-0.4064436273251223
2703,0.0
2704,1.1636284788330897
2705,0.46142163941998626
2706,2.028602621377947
2707,0.5681259024582868
2708,-62.64806111516954
2709,0.0
2710,0.0
2711,-69.73542408276667
2712,0.0
2713,0.0
2714,-66.14180294446992
2715,0.0
2716,0.0
2717,-66.1458140287041
2718,0.0
2719,0.0
2720,-66.14654907412975
2721,0.0
2722,0.0
2723,0.0
2724,-66.14416325634357
2725,0.0
2726,-70.51191052163523
2727,0.0
2728,0.0
2729,2.862525557641149
2730,-69.87038449780485
2731,0.0
2732,1.6643572379515823
2733,-2.517751397623395
2734,0.0
2735,-67.60890942871902
2736,0.0
2737,-1.058200856863086
2738,0.0
2739,0.0
2740,66.64875996447938
2741,0.0
2742,0.0
2743,0.0
2744,0.0
2745,0.0
2746,0.0
2747,0.0
2748,0.0
2749,-1.1594226233397602
2750,0.0
2751,0.0
2752,0.0
2753,0.0
2754,0.0
2755,66.57545714000317
2756,0.0
2757,0.0
2758,0.0
2759,0.0
2760,0.0
2761,0.0
2762,-33.25696830828496
2763,101.2549548011909
2764,-36.11405929967013
2765,0.0
2766,0.0
2767,2.374661819479229
2768,62.231194088029795
2769,-62.815461240280854
2770,-4.944025021599549
2771,70.02345216686822
2772,-1.3095876001222233
2773,-32.66437638783408
2774,63.909261531492945
2775,-66.3045300546583
2776,71.97627697093267
2777,39.57915662641618
2778,-41.73584743576709
2779,71.55312140979326
2780,84.11818951805508
2781,-75.54282275422395
2782,-1.23351309788499
2783,87.2148860801533
2784,-75.90863328090052
2785,43.20363189186551
2786,44.66235057566953
2787,43.896964971391604
2788,63.05674943538383
2789,-8.833625059031647
2790,45.92591328490746
2791,-73.89986130377841
2792,92.57036173521178
2793,21.0935712609448
2794,71.85993781619248
2795,-1.078401649363651
2796,50.38546736707232
2797,-68.18667688505448
2798,174.67919964253167
2799,-63.921755374371855
2800,131.4922143500766
2801,-16.263710037959694
2802,134.89308561692764
2803,-60.49628573461341
2804,91.10254771764292
2805,0.0
2806,13.469096225661067
2807,60.96850909188613
2808,0.0
2809,87.87700179063857
2810,-44.20554312532232
2811,-13.563237108762394
2812,0.0
2813,12.0109608856725
2814,-86.76628801369712
2815,61.37898671163171
2816,-74.5980820230379
2817,-0.3779669935191521
2818,62.024805022038265
2819,-11.321102336833633
2820,-74.09094629574919
2821,-42.80138608122381
2822,-73.73222469867962
2823,-73.53402009053009
2824,-1.2440707062430316
2825,-48.094909813302664
2826,32.018238888203385
2827,-72.9812314284113
2828,0.0
2829,-70.57716785311914
2830,37.706818581622656
2831,-70.5574733991515
2832,0.0
2833,-65.76018883989103
2834,0.0
2835,-65.76717433635024
2836,-5.600691003495703
2837,0.0
2838,-65.8960039285514
2839,-0.8479854198217396
2840,-66.15612048536738
2841,0.0
2842,0.0
2843,-70.58404680674215
2844,0.0
2845,0.0
2846,-66.25534186887378
2847,0.0
2848,0.0
2849,-66.25255313330882
2850,0.0
2851,0.0
2852,-69.76312088047769
2853,4.774410995636202
2854,0.0
2855,-66.01279184727034
2856,0.0
2857,-66.00329388543335
2858,0.0
2859,0.0
2860,-71.16489224648461
2861,0.0
2862,0.0
2863,-66.12353612517813
2864,0.0
2865,0.0
2866,-66.1133411850237
2867,-4.503275312264776
2868,3.0569747997920635
2869,-66.31622033730575
2870,-3.6237877739267788
2871,2.1322017227539902
2872,-2.595942540452967
2873,-65.30798725655049
2874,-1.1942082663789932
2875,0.0
2876,-0.9540962008919962
2877,-0.7115300991607398
2878,-2.0791150420526114
2879,66.55413858899546
2880,0.0
2881,0.0
2882,0.0
2883,0.0
2884,0.0
2885,0.0
2886,66.55013924660528
2887,0.0
2888,0.0
2889,0.0
2890,0.0
2891,0.0
2892,0.0
2893,68.79257142485264
2894,0.0
2895,0.0
2896,0.0
2897,0.0
2898,-0.4900901129966921
2899,1.3501193551438937
2900,0.0
2901,0.0
2902,0.0
2903,66.65416119684267
2904,0.0
2905,0.0
2906,0.0
2907,0.0
2908,0.0
2909,0.0
2910,0.0
2911,0.0
2912,0.0
2913,0.0
2914,0.0
2915,0.0
2916,0.0
2917,0.0
2918,0.0
2919,0.0
2920,0.0
2921,0.0
2922,0.0
2923,0.0
2924,0.0
2925,0.9389670253803217
2926,0.0
2927,0.0
2928,0.0
2929,0.0
2930,0.0
2931,0.0
2932,0.0
2933,0.0
2934,0.0
2935,0.0
2936,0.0
2937,0.0
2938,0.0
2939,0.0
2940,0.0
2941,0.0
2942,0.0
2943,0.0
2944,0.0
2945,-0.9389670253803217
2946,0.0
2947,0.0
2948,0.0
2949,0.0
2950,0.0
2951,0.0
2952,0.0
2953,0.0
2954,0.0
2955,0.0
2956,0.0
2957,0.0
2958,-0.9114581292827495
2959,0.0
2960,0.0
2961,0.0
2962,65.61355229186674
2963,0.0
2964,0.0
2965,0.0
2966,0.0
2967,66.49138938021603
2968,0.0
2969,0.0
2970,2.246925308111969
2971,0.0
2972,66.42759995803047
2973,-3.515240854251308
2974,3.0569747997920635
2975,0.0
2976,66.23848342449487
2977,-33.76642028377977
2978,0.0
2979,64.90958913320739
2980,5.3461392060178525
2981,26.21167205193184
2982,-26.588280543586507
2983,64.32255411143095
2984,7.353436667224855
2985,31.797349341681524
2986,63.02934296686308
2987,18.885617283175314
2988,31.326864102417318
2989,53.68555900510721
2990,-74.23261992687446
2991,87.49129641204216
2992,30.25427116981424
2993,14.37026479375921
2994,44.87034960437389
2995,16.277273927133017
2996,-0.6076860948006413
2997,110.5956668375974
2998,-0.5427556282196377
2999,-32.79473138218911
3000,46.84753827641437
3001,21.573640208742738
3002,69.77590274849987
3003,-22.430985501344363
3004,50.75539738870336
3005,52.51789271811293
3006,54.5707710951163
3007,9.887362312050504
3008,41.19345231780815
3009,14.629290549341317
3010,74.53559924999288
3011,119.20255397774469
3012,0.0
3013,59.54034791579659
3014,-29.86672890785324
3015,0.1950255142984266
3016,44.66695472775157
3017,58.98064976746298
3018,-29.760229105207497
3019,-44.77537014478585
3020,44.77537014478585
3021,15.546834214899027
3022,15.558212663520504
3023,-90.75927678662956
3024,16.02034484943952
3025,0.0
3026,-86.74412747922513
3027,0.0
3028,-46.44912675383519
3029,-112.39966262750372
3030,55.647249497336304
3031,-119.79553428889886
3032,-74.2802428162739
3033,-148.0823440623574
3034,-91.97644208113273
3035,-74.21501602102818
3036,-91.88646186678766
3037,-74.0526274677149
3038,-165.63787746823772
3039,-74.16123821604923
3040,-165.09401709981216
3041,-74.09244126466396
3042,-74.15291786718092
3043,-58.92569271998009
3044,-148.9741479640968
3045,-74.35374478979533
3046,-74.20518094649124
3047,-61.01752050107881
3048,-74.02178133599975
3049,-61.895378699695414
3050,-62.63086330042036
3051,-63.224358048797434
3052,-63.655455109546
3053,1.1135016151362958
3054,-57.43835400312326
3055,0.8480962284370008
3056,-58.766621986293785
3057,4.66354925181823
3058,-62.054518388621105
3059,1.4957312363384527
3060,2.8336754364609362
3061,0.9795455308800882
3062,0.09487132011531212
3063,-5.652061170647945
3064,66.88666652280186
3065,0.0
3066,0.0
3067,65.95042128282778
3068,0.0
3069,71.72417405384728
3070,0.0
3071,0.0
3072,65.73667340750109
3073,0.0
3074,65.77670898526371
3075,0.0
3076,0.0
3077,65.80878152837144
3078,4.431528469152113
3079,65.94263919897969
3080,0.0
3081,0.0
3082,69.7874951606289
3083,-4.620705943866099
3084,0.0
3085,69.31674984366462
3086,0.0
3087,0.0
3088,0.0
3089,66.3488492119375
3090,0.0
3091,0.0
3092,66.35796388031613
3093,0.0
3094,0.0
3095,0.0
3096,66.36504631484499
3097,0.0
3098,0.0
3099,2.374661819479229
3100,66.4396981066524
3101,0.0
3102,0.0
3103,0.0
3104,0.0
3105,66.44727878839755
3106,0.0
3107,0.0
3108,0.0
3109,0.0
3110,66.45352603505994
3111,0.0
3112,1.5605965532853836
3113,-2.595942540452967
3114,0.0
3115,0.0
3116,67.12442043448401
3117,-1.5134157064908986
3118,0.0
3119,-1.0424292326668194
3120,0.0
3121,0.0
3122,0.0
3123,0.0
3124,0.0
3125,0.0
3126,0.0
3127,0.0
3128,0.0
3129,0.0
3130,0.0
3131,0.0
3132,0.0
3133,0.0
3134,0.0
3135,0.0
3136,0.0
3137,0.0
3138,0.0
3139,0.0
3140,-66.64987828741977
3141,0.0
3142,0.0
3143,0.0
3144,0.0
3145,0.0
3146,0.0
3147,0.0
3148,0.0
3149,0.0
3150,0.0
3151,0.0
3152,0.0
3153,0.0
3154,0.0
3155,0.0
3156,0.0
3157,0.0
3158,0.0
3159,0.0
3160,0.0
3161,0.0
3162,0.0
3163,0.0
3164,0.0
3165,0.0
3166,0.0
3167,0.0
3168,0.0
3169,0.0
3170,0.0
3171,0.0
3172,0.0
3173,0.0
3174,0.0
3175,0.0
3176,0.0
3177,0.0
3178,0.0
3179,0.0
3180,0.0
3181,0.0
3182,0.0
3183,0.0
3184,0.0
3185,0.0
3186,0.0
3187,0.0
3188,0.0
3189,0.0
3190,0.0
3191,0.0
3192,0.0
3193,0.0
3194,0.0
3195,0.0
3196,0.0
3197,0.0
3198,0.0
3199,0.0
3200,0.0
3201,0.0
3202,0.0
3203,0.0
3204,0.0
3205,0.0
3206,-66.65089504247041
3207,0.0
3208,0.0
3209,0.0
3210,0.0
3211,0.0
3212,0.0
3213,0.0
3214,0.0
3215,0.0
3216,0.0
3217,0.0
3218,0.0
3219,0.0
3220,0.0
3221,1.0424292326668194
3222,0.0
3223,0.0
3224,0.0
3225,0.0
3226,0.0
3227,0.0
3228,0.0
3229,0.0
3230,0.0
3231,0.0
3232,0.0
3233,0.0
3234,0.0
3235,0.0
3236,0.0
3237,0.0
3238,0.0
3239,0.0
3240,0.0
3241,0.0
3242,0.0
3243,0.0
3244,0.0
3245,0.0
3246,0.0
3247,-1.0424292326668194
3248,0.0
3249,0.0
3250,0.0
3251,0.0
3252,0.0
3253,0.0
3254,0.0
3255,0.0
3256,0.0
3257,0.0
3258,0.0
3259,0.0
3260,0.0
3261,0.0
3262,0.0
3263,0.0
3264,0.0
3265,0.0
3266,0.0
3267,0.0
3268,0.0
3269,0.0
3270,0.0
3271,0.0
3272,0.0
3273,0.0
3274,0.0
3275,0.0
3276,0.0
3277,0.0
3278,0.0
3279,0.0
3280,-66.65182216505154
3281,0.0
3282,0.0
3283,0.0
3284,0.0
3285,0.0
3286,0.0
3287,0.0
3288,0.0
3289,0.0
3290,0.0
3291,0.0
3292,1.045491433238984
3293,0.0
3294,0.0
3295,0.0
3296,0.0
3297,0.0
3298,0.0
3299,0.0
3300,0.0
3301,0.0
3302,0.0
3303,66.64875996447938
3304,0.0
3305,0.0
3306,0.0
3307,0.0
3308,0.0
3309,0.0
3310,0.0
3311,0.0
3312,0.0
3313,0.0
3314,0.0
3315,0.0
3316,0.0
3317,0.0
3318,66.64987828741977
3319,0.0
3320,0.0
3321,0.0
3322,0.0
3323,0.0
3324,0.0
3325,0.0
3326,0.0
3327,0.0
3328,0.0
3329,0.0
3330,0.0
3331,0.0
3332,0.0
3333,0.0
3334,0.0
3335,0.0
3336,0.0
3337,0.0
3338,0.0
3339,-1.041412477616177
3340,0.0
3341,0.0
3342,0.0
3343,0.0
3344,0.0
3345,0.0
3346,0.0
3347,0.0
3348,0.0
3349,0.0
3350,0.0
3351,0.0
3352,0.0
3353,0.0
3354,0.0
3355,0.0
3356,0.0
3357,0.0
3358,1.041412477616177
3359,0.0
3360,0.0
3361,0.0
3362,0.0
3363,0.0
3364,0.0
3365,0.0
3366,0.0
3367,0.0
3368,0.0
3369,0.0
3370,0.0
3371,0.0
3372,0.0
3373,0.0
3374,0.0
3375,0.0
3376,0.0
3377,0.0
3378,66.65089504247041
3379,0.0
3380,0.0
3381,0.0
3382,0.0
3383,0.0
3384,0.0
3385,0.0
3386,1.5134157064908986
3387,-0.5374946180549974
3388,0.0
3389,0.0
3390,-0.042470880095635266
3391,0.0
3392,0.0
3393,0.0
3394,-33.31756170913707
3395,0.0
3396,-66.63782538616138
3397,0.0
3398,34.22499742515892
3399,-33.28054895745609
3400,0.0
3401,-68.75747834839838
3402,-29.91611863358538
3403,66.35626570188815
3404,-65.24140803896307
3405,-36.80834572143989
3406,4.831560940789833
3407,-31.56678625095992
3408,-70.4219767258356
3409,-5.727121189138273
3410,-97.49338589636002
3411,1.4269647557632936
3412,-71.36431842914752
3413,-8.567000613560793
3414,0.8814736258228114
3415,-30.775964772803615
3416,-9.673816481521651
3417,-104.56165158330535
3418,-10.797686601096029
3419,1.178313318555979
3420,-28.09256684759897
3421,-44.18738032577897
3422,-44.22998958837366
3423,1.840191565817051
3424,10.853331724934872
3425,1.9270503646038626
3426,-85.45703668462656
3427,-19.685192505167375
3428,-20.352181123997564
3429,24.367011776792324
3430,-70.29722546570518
3431,69.98421037619961
3432,22.302804235251372
3433,-6.221795654823836
3434,-54.79854735146279
3435,18.507940235679026
3436,-12.889234431879379
3437,-15.03394158515583
3438,45.383233476296425
3439,73.7053641884239
3440,0.5616383043702674
3441,-43.36121643452486
3442,74.31023556835518
3443,-0.4692842277331503
3444,-73.4808661136602
3445,42.62423711269061
3446,-11.062038542017305
3447,-62.51121770450361
3448,0.9965460110967921
3449,53.7915205943038
3450,-73.5445238359566
3451,0.7977459952347962
3452,0.0
3453,-63.534855104193966
3454,-31.028111279546877
3455,-62.93602464342859
3456,8.66657238345366
3457,1.0849818498780195
3458,-65.01052435097918
3459,-63.863672340533626
3460,6.850260291765883
3461,-64.29597304131107
3462,10.329293332040143
3463,1.2855332122216605
3464,-29.69834731499219
3465,4.171108720507514
3466,1.6319492359938201
3467,2.347338752692944
3468,-0.32676598091304265
3469,0.4979945454628876
3470,-5.211760116554132
3471,63.16835536178166
3472,0.0
3473,0.0
3474,70.24177153100032
3475,0.0
3476,0.0
3477,65.98433899251066
3478,0.0
3479,66.01599607826998
3480,0.0
3481,0.0
3482,66.04106541318195
3483,0.0
3484,0.0
3485,71.29641690365389
3486,0.0
3487,65.8528837925078
3488,0.0
3489,0.0
3490,65.88116638332006
3491,0.0
3492,65.9035834047805
3493,0.0
3494,0.0
3495,65.92077448596712
3496,4.431528469152113
3497,66.04197888715208
3498,0.0
3499,3.7262085669728626
3500,62.015948980110856
3501,2.979237886981186
3502,0.0
3503,-0.8317311246144026
3504,66.53997369710822
3505,1.3146521128156508
3506,-1.2830610969009135
3507,-1.0130624863413356
3508,0.0
3509,0.0
3510,0.0
3511,0.0
3512,0.0
3513,0.0
3514,0.0
3515,0.0
3516,0.0
3517,0.0
3518,0.0
3519,0.0
3520,0.0
3521,1.0130624863413356
3522,0.0
3523,0.0
3524,0.0
3525,0.0
3526,-0.4385205832141045
3527,1.7215816801150179
3528,-1.3146521128156508
3529,2.862525557641149
3530,64.20133944919637
3531,0.0
3532,0.7233097388275194
3533,0.0
3534,66.18516315465257
3535,0.0
3536,0.0
3537,66.19141406504076
3538,0.0
3539,0.0
3540,69.60809532867245
3541,0.0
3542,0.0
3543,0.0
3544,66.2986180082766
3545,-0.8952221188884835
3546,0.0
3547,0.0
3548,68.03897104058005
3549,-2.374661819479229
3550,0.0
3551,-0.9064099576256979
3552,0.0
3553,0.0
3554,0.0
3555,0.0
3556,0.0
3557,0.0
3558,0.0
3559,0.0
3560,0.0
3561,0.0
3562,66.65344702383393
3563,0.0
3564,0.0
3565,0.0
3566,0.0
3567,0.0
3568,0.0
3569,0.0
3570,-1.0003683093287918
3571,0.0
3572,0.0
3573,0.0
3574,0.0
3575,0.0
3576,0.0
3577,0.0
3578,0.0
3579,0.0
3580,0.0
3581,0.0
3582,0.0
3583,0.0
3584,0.0
3585,-66.64987828741977
3586,0.0
3587,0.0
3588,0.0
3589,0.0
3590,0.0
3591,0.0
3592,0.0
3593,0.0
3594,0.0
3595,0.9967995729146159
3596,0.0
3597,0.0
3598,0.0
3599,0.0
3600,0.0
3601,0.0
3602,0.0
3603,66.65344702383393
3604,0.0
3605,0.0
3606,0.0
3607,0.0
3608,0.0
3609,0.0
3610,-33.333333333333336
3611,0.0
3612,0.0
3613,1.387551463389277
3614,-0.5207062388080885
3615,0.0
3616,-66.63605054085528
3617,0.8400317758029038
3618,33.22128833880953
3619,3.1388581771873687
3620,-2.4441199966406186
3621,-65.62409824885005
3622,33.04087960948887
3623,0.6403063882087187
3624,-32.305862927650494
3625,0.5557252441588408
3626,0.0
3627,-31.814253347579324
3628,0.8081442535221584
3629,33.00093556625446
3630,-63.17751027942909
3631,-40.98287559274212
3632,-30.89642770651485
3633,31.96413449770385
3634,-42.947609632759296
3635,44.38018156574468
3636,-88.48728583682852
3637,119.83051892117398
3638,-27.929614576501887
3639,-44.803504450350815
3640,28.17116902918002
3641,-19.601649748567716
3642,-47.298215651511086
3643,115.78098283609914
3644,-69.35447920751633
3645,24.176010529121566
3646,23.058883137664075
3647,0.23172006811880883
3648,0.21793002980151263
3649,46.58280552706866
3650,-27.73438930654185
3651,55.4687786130837
3652,-9.339787942727895
3653,0.0
3654,-18.394601363813955
3655,46.128990670355805
3656,-46.128990670355805
3657,17.814368575233413
3658,28.1046584851867
3659,-74.39172234511773
3660,28.47269528469762
3661,-28.837429828690375
3662,-29.354235976650266
3663,-45.68742138366749
3664,-45.18245613198128
3665,-0.009655178996581526
3666,0.04238581184665691
3667,-60.857388581955504
3668,-0.19906083092659327
3669,-31.17886468857094
3670,-74.85614297242087
3671,-0.09466209433597328
3672,-63.56937436034531
3673,-64.37173860749303
3674,-32.68502919261529
3675,-0.3813217081081177
3676,-65.38092362331997
3677,11.216614606984384
3678,-67.46402338943085
3679,-1.2583710214002508
3680,-65.21402547563493
3681,65.6409765484766
3682,-0.7242955480891785
3683,-2.522913564216722
3684,-0.6662123705104033
3685,61.57144998146151
3686,-6.67941333772267
3687,64.3737121044777
3688,32.458127094857524
3689,65.12299573324198
3690,0.0
3691,65.11902481683668
3692,79.39620598624077
3693,0.0
3694,65.08971374184955
3695,0.0
3696,65.0858664027234
3697,65.07328046317275
3698,0.0
3699,71.68652394671848
3700,0.0
3701,72.91181547377015
3702,65.06100498998997
3703,0.0
3704,72.57507778432739
3705,-6.085826200669686
3706,65.43407091113227
3707,6.652431212889809
3708,65.6470097312609
3709,-4.900674093123314
3710,71.65510585625962
3711,-3.9196481462665154
3712,4.620705943866099
3713,63.2617153754327
3714,1.3206011876145378
3715,0.0
3716,0.7978295128337958
3717,-0.42728020874397055
3718,1.1214235063648679
3719,0.0
3720,0.0
3721,0.0
3722,0.0
3723,0.0
3724,0.0
3725,0.0
3726,0.0
3727,0.0
3728,1.2809991090316923
3729,0.0
3730,-0.6941432976208972
3731,-66.59403020391194
3732,2.1880641403650243
3733,0.0
3734,1.0609614139485284
3735,0.0
3736,-66.37651433568337
3737,0.0
3738,0.0
3739,0.0
3740,-66.37368999527644
3741,0.0
3742,0.0
3743,0.0
3744,-66.36918662690749
3745,0.0
3746,0.0
3747,-3.316458903882828
3748,-66.45952736698106
3749,0.0
3750,0.0
3751,0.0
3752,0.0
3753,-66.45741098129298
3754,0.0
3755,0.0
3756,0.0
3757,0.0
3758,-66.45406896192347
3759,0.0
3760,-0.9851326912369748
3761,0.0
3762,0.0
3763,0.0
3764,-66.58287661224225
3765,0.0
3766,0.0
3767,0.0
3768,0.0
3769,0.0
3770,-66.57944095154753
3771,0.0
3772,0.0
3773,0.0
3774,0.0
3775,0.0
3776,0.0
3777,0.0
3778,-66.57545714000317
3779,0.0
3780,0.0
3781,0.0
3782,0.0
3783,0.0
3784,0.0
3785,0.0
3786,-66.57087029647215
3787,0.0
3788,0.0
3789,0.0
3790,0.0
3791,0.0
3792,0.0
3793,0.0
3794,0.0
3795,-66.56561215298815
3796,0.0
3797,0.0
3798,0.0
3799,0.0
3800,0.0
3801,0.0
3802,0.0
3803,0.0
3804,-66.55959854854838
3805,0.0
3806,0.0
3807,0.0
3808,-1.919531943174254
3809,0.0
3810,0.0
3811,0.0
3812,0.0
3813,-66.62920756582315
3814,0.0
3815,0.0
3816,0.0
3817,0.0
3818,0.0
3819,0.0
3820,0.0
3821,0.4385205832141045
3822,0.0
3823,0.0
3824,0.0
3825,-1.1049207963343597
3826,0.0
3827,-1.3146521128156508
3828,0.0
3829,0.0
3830,0.0
3831,0.0
3832,0.0
3833,0.0
3834,0.0
3835,0.0
3836,0.0
3837,0.0
3838,0.0
3839,0.0
3840,66.61935178610274
3841,0.6407887505124185
3842,0.0
3843,0.0
3844,0.0
3845,0.0
3846,0.0
3847,0.0
3848,0.0
3849,66.59301274517127
3850,0.0
3851,0.0
3852,0.0
3853,0.0
3854,0.0
3855,0.0
3856,0.0
3857,0.0
3858,66.5918582918297
3859,0.0
3860,0.0
3861,0.0
3862,0.0
3863,0.0
3864,0.0
3865,0.0
3866,64.14615863380675
3867,0.0
3868,0.0
3869,0.0
3870,0.0
3871,0.0
3872,68.17899266140799
3873,0.0
3874,0.0
3875,0.0
3876,0.0
3877,66.45406896192347
3878,0.0
3879,0.0
3880,0.0
3881,0.0
3882,66.44947683087317
3883,0.0
3884,0.0
3885,0.0
3886,0.0
3887,1.1185324726060486
3888,66.57944095154753
3889,0.0
3890,0.0
3891,1.1594226233397602
3892,0.0
3893,0.0
3894,0.0
3895,0.0
3896,0.0
3897,0.0
3898,66.64752608378173
3899,0.0
3900,0.0
3901,0.0
3902,0.0
3903,0.0
3904,0.0
3905,0.0
3906,0.0
3907,0.0
3908,1.064632016123923
3909,0.0
3910,0.0
3911,0.0
3912,0.0
3913,0.0
3914,0.0
3915,0.0
3916,0.0
3917,0.0
3918,-66.65182216505154
3919,1.5134157064908986
3920,-0.5554013202422918
3921,0.0
3922,0.0
3923,0.0
3924,0.0
3925,0.0
3926,0.0
3927,0.0
3928,-66.58580749348863
3929,0.0
3930,0.0
3931,0.0
3932,0.0
3933,0.0
3934,0.0
3935,0.0
3936,0.0
3937,-66.58287661224225
3938,-1.0901036104079036
3939,0.0
3940,0.0
3941,0.0
3942,-1.058200856863086
3943,0.0
3944,0.0
3945,0.0
3946,0.0
3947,0.0
3948,0.0
3949,0.0
3950,0.0
3951,66.64987828741977
3952,0.0
3953,0.0
3954,0.0
3955,0.0
3956,0.0
3957,0.0
3958,0.0
3959,0.0
3960,0.0
3961,0.0
3962,0.0
3963,1.058200856863086
3964,0.0
3965,0.0
3966,0.0
3967,0.0
3968,0.0
3969,0.0
3970,0.0
3971,-66.64987828741977
3972,0.0
3973,0.0
3974,0.0
3975,0.0
3976,0.0
3977,0.0
3978,0.0
3979,0.0
3980,0.0
3981,0.0
3982,0.0
3983,0.0
3984,-1.058200856863086
3985,0.0
3986,0.0
3987,0.0
3988,0.0
3989,0.0
3990,0.0
3991,0.0
3992,0.0
3993,0.0
3994,0.0
3995,0.0
3996,0.0
3997,0.0
3998,66.64987828741977
3999,0.0
4000,0.0
4001,0.0
4002,0.0
4003,0.0
4004,0.0
4005,0.0
4006,0.0
4007,0.0
4008,0.0
4009,1.058200856863086
4010,0.0
4011,0.0
4012,0.0
4013,0.0
4014,0.0
4015,0.0
4016,0.0
4017,0.0
4018,0.0
4019,0.0
4020,0.0
4021,0.0
4022,0.0
4023,0.0
4024,-33.333333333333336
4025,33.333333333333336
4026,-34.37474581094951
4027,0.0
4028,0.0
4029,0.0
4030,-1.039890314477295
4031,-66.54445493633338
4032,-0.8835234433552349
4033,0.0
4034,-0.8170309760589116
4035,33.19218971951301
4036,-0.8579264001414326
4037,-71.02982089700542
4038,64.25262881098894
4039,-34.17895952123568
4040,31.26702634993161
4041,-1.5207735698960316
4042,72.2612808887566
4043,-1.8071658313111527
4044,-1.0401316557619111
4045,-32.43598910636057
4046,29.954923866101524
4047,-1.610667854413587
4048,43.63876532044131
4049,-46.126171160025585
4050,89.3015647704002
4051,-0.9607748795460225
4052,-19.30612612973235
4053,44.4521999090713
4054,18.34142351662275
4055,70.83772713440695
4056,20.299302753425273
4057,21.46219284677713
4058,68.60803519700909
4059,-24.217526292925605
4060,71.0002680268436
4061,-2.933260231793848
4062,-20.899027291612764
4063,9.548273403260293
4064,118.35895199515463
4065,-16.642194510682156
4066,119.14515137314771
4067,74.48117391312721
4068,0.0
4069,0.0
4070,60.16906639054014
4071,44.17978501174282
4072,-75.03420728440406
4073,134.76303732236624
4074,-30.22924041235413
4075,-13.909280097143059
4076,12.662483682432917
4077,-0.6367266183830841
4078,17.929774746444714
4079,-31.847751462746032
4080,-43.77756404774118
4081,30.81711522873517
4082,-11.639865017850326
4083,-0.9557087178947654
4084,32.0061292154873
4085,-74.9193191368556
4086,-33.63871287608819
4087,-8.567000613560793
4088,-41.35351129611363
4089,-72.2728731297585
4090,-1.076016390462679
4091,-72.44791441701621
4092,-4.13423237933254
4093,69.27630560420907
4094,0.0
4095,-66.36680064677378
4096,33.25153374202898
4097,0.0
4098,-66.35652303247971
4099,0.0
4100,0.0
4101,0.0
4102,-69.11874216172826
4103,0.0
4104,0.0
4105,-66.25534186887378
4106,0.0
4107,0.0
4108,0.0
4109,-66.25255313330882
4110,0.0
4111,0.0
4112,-70.1675281724929
4113,0.0
4114,0.0
4115,0.0
4116,-66.34571658063517
4117,0.0
4118,0.0
4119,0.0
4120,-66.34291293518947
4121,2.374661819479229
4122,-3.225227205759514
4123,0.0
4124,-66.49546881999935
4125,-0.9871103560899523
4126,0.0
4127,0.0
4128,0.0
4129,0.0
4130,0.0
4131,0.0
4132,0.0
4133,-66.59827966562281
4134,0.0
4135,0.0
4136,0.0
4137,0.0
4138,-1.4690009487634845
4139,0.4503682214497928
4140,0.0
4141,0.0
4142,0.0
4143,-0.940458334446485
4144,0.0
4145,0.0
4146,0.0
4147,0.0
4148,0.0
4149,0.0
4150,0.0
4151,0.0
4152,0.0
4153,0.0
4154,0.0
4155,0.0
4156,0.0
4157,0.0
4158,0.0
4159,0.0
4160,0.0
4161,0.0
4162,0.0
4163,0.0
4164,0.0
4165,0.0
4166,0.0
4167,0.0
4168,-0.8600292421472016
4169,0.0
4170,0.0
4171,0.0
4172,66.60273230970712
4173,0.0
4174,0.0
4175,0.0
4176,0.0
4177,0.0
4178,0.0
4179,0.0
4180,0.0
4181,68.02777884439048
4182,-0.46287369127379446
4183,0.0
4184,0.0
4185,0.9389670253803217
4186,0.0
4187,0.9114581292827495
4188,0.0
4189,-65.61355229186674
4190,0.0
4191,0.0
4192,0.0
4193,0.0
4194,0.0
4195,-66.49138938021603
4196,0.0
4197,0.0
4198,0.0
4199,0.0
4200,0.0
4201,-2.4441199966406186
4202,-66.5600925267602
4203,1.3146521128156508
4204,0.0
4205,0.0
4206,0.0
4207,-1.0748951232767943
4208,0.0
4209,0.0
4210,-0.9434551978259265
4211,0.0
4212,0.0
4213,0.0
4214,0.0
4215,0.0
4216,0.0
4217,0.0
4218,0.0
4219,0.0
4220,0.0
4221,0.0
4222,0.0
4223,0.0
4224,-0.8097174982038288
4225,0.0
4226,0.0
4227,64.35758197637564
4228,0.0
4229,0.0
4230,0.0
4231,0.0
4232,0.0
4233,0.0
4234,67.96774108968648
4235,0.0
4236,0.0
4237,0.0
4238,0.0
4239,0.0
4240,66.49546881999935
4241,2.3090327245663884
4242,-3.316458903882828
4243,-33.12368816441994
4244,69.48383468041683
4245,-4.250305057010451
4246,4.024042444404804
4247,-5.000324472575812
4248,-1.147804337536229
4249,5.619668312687528
4250,64.80986006058227
4251,-33.079025697874684
4252,72.5130898390423
4253,63.91486677507435
4254,-32.591139644805864
4255,41.47811646341661
4256,-0.48642426784274073
4257,-0.15621257610097436
4258,42.775998521758396
4259,43.60313168481369
4260,-44.764219490836865
4261,73.51962211842273
4262,-59.31582932183967
4263,90.99131079743663
4264,45.824239703940606
4265,-27.730374907615385
4266,46.282861207017355
4267,-0.7665825176755922
4268,67.85786156670639
4269,-25.048855516221618
4270,70.24373041468645
4271,-47.104232001331546
4272,47.104232001331546
4273,-22.8505958880298
4274,71.46972419583454
4275,69.93280879465189
4276,47.097810357554934
4277,-118.54853002727168
4278,0.0
4279,0.0
4280,118.54853002727168
4281,-94.20157250551166
4282,-22.43760041889331
4283,-47.069829678925146
4284,-71.81695078197308
4285,72.05040853813193
4286,-72.2000312992158
4287,-0.32675225830634724
4288,-93.86960594530294
4289,-21.11229932014922
4290,-46.7160371639731
4291,-140.0513071922151
4292,46.89045921869403
4293,-92.66738055076782
4294,46.60967071734348
4295,-148.05419401508289
4296,-17.436531597824256
4297,-74.04025455581333
4298,-74.33412507770522
4299,-44.55163095252033
4300,-14.817684174834039
4301,-149.17038898374184
4302,-43.300630477935684
4303,-61.49887968608236
4304,-62.42674942208477
4305,-72.8169715759942
4306,10.335535816714152
4307,-63.95715521219714
4308,-64.25884225122687
4309,7.177180034085732
4310,-31.821661523759442
4311,38.61779946325221
4312,3.9912863551819555
4313,2.343587626750576
4314,0.6804801857333824
4315,0.0
4316,0.0
4317,0.0
4318,0.0
4319,66.4970435521853
4320,0.0
4321,0.0
4322,0.0
4323,0.0
4324,0.0
4325,66.50597036334034
4326,0.0
4327,0.0
4328,0.0
4329,0.0
4330,0.0
4331,0.0
4332,66.51345532842114
4333,0.0
4334,0.0
4335,0.0
4336,0.0
4337,66.51968038313547
4338,0.0
4339,0.0
4340,0.0
4341,0.0
4342,0.0
4343,66.52478913780845
4344,0.0
4345,0.0
4346,0.0
4347,1.3501193551438937
4348,0.0
4349,66.56632632599688
4350,-1.3200010751461377
4351,0.0
4352,0.0
4353,-1.0579220994004621
4354,0.0
4355,-0.7925030552626093
4356,0.0
4357,-66.59470508963756
4358,0.0
4359,0.0
4360,0.0
4361,0.0
4362,0.0
4363,0.0
4364,0.0
4365,-66.59563544267672
4366,-0.6407887505124185
4367,0.0
4368,1.3146521128156508
4369,0.0
4370,0.0
4371,1.079309333726523
4372,0.0
4373,-0.4385205832141045
4374,1.919531943174254
4375,-1.3146521128156508
4376,67.35061959804582
4377,0.0
4378,0.0
4379,0.0
4380,66.35796388031613
4381,0.0
4382,0.0
4383,0.0
4384,70.35847506092465
4385,0.0
4386,0.0
4387,66.23897909942626
4388,0.0
4389,0.0
4390,0.0
4391,66.2506865174232
4392,0.0
4393,0.0
4394,0.0
4395,66.25991562013382
4396,0.0
4397,0.0
4398,66.2667879725549
4399,0.0
4400,0.0
4401,0.0
4402,69.03918360357046
4403,0.0
4404,0.0
4405,-3.4129735165118786
4406,66.46496193323705
4407,1.7215816801150179
4408,-2.374661819479229
4409,0.0
4410,0.0
4411,0.0
4412,68.90240851035638
4413,0.0
4414,0.0
4415,0.0
4416,0.0
4417,-2.3090327245663884
4418,0.0
4419,66.59470508963756
4420,0.0
4421,0.6170724070864017
4422,0.0
4423,-1.3501193551438937
4424,0.0
4425,0.0
4426,0.0
4427,0.0
4428,0.0
4429,0.0
4430,0.0
4431,0.0
4432,0.0
4433,66.65481902843098
4434,0.0
4435,-1.079309333726523
4436,0.0
4437,0.0
4438,-66.19258210179086
4439,0.0
4440,0.0
4441,0.0
4442,0.0
4443,0.0
4444,0.0
4445,0.0
4446,0.0
4447,0.0
4448,0.0
4449,0.0
4450,-66.63213719788294
4451,0.0
4452,0.0
4453,0.0
4454,0.0
4455,0.0
4456,0.0
4457,0.0
4458,0.0
4459,0.0
4460,0.0
4461,-66.6329405188345
4462,0.0
4463,0.0
4464,0.0
4465,0.0
4466,0.0
4467,0.0
4468,0.0
4469,0.0
4470,0.0
4471,0.0
4472,0.0
4473,-66.63352930489157
4474,0.0
4475,0.0
4476,0.0
4477,0.0
4478,-0.4900901129966921
4479,0.0
4480,0.0
4481,0.0
4482,0.0
4483,1.045491433238984
4484,0.0
4485,0.0
4486,0.9135996285211927
4487,0.0
4488,0.0
4489,0.0
4490,0.0
4491,0.0
4492,66.59164455256187
4493,0.0
4494,0.0
4495,0.0
4496,0.0
4497,0.0
4498,0.0
4499,0.0
4500,67.18842419391666
4501,0.0
4502,-1.387551463389277
4503,0.0
4504,0.0
4505,0.0
4506,0.0
4507,0.0
4508,0.0
4509,0.0
4510,0.0
4511,0.0
4512,0.0
4513,0.0
4514,0.0
4515,0.0
4516,0.0
4517,-1.0579220994004621
4518,0.0
4519,0.0
4520,0.0
4521,0.0
4522,0.0
4523,0.0
4524,0.0
4525,0.0
4526,0.0
4527,0.0
4528,0.0
4529,0.0
4530,0.0
4531,0.0
4532,0.0
4533,0.0
4534,0.0
4535,0.0
4536,0.0
4537,-66.64616016166724
4538,0.0
4539,0.0
4540,0.0
4541,0.0
4542,0.0
4543,0.0
4544,0.0
4545,0.0
4546,0.0
4547,0.4760933341065273
4548,0.0
4549,-1.7215816801150179
4550,0.0
4551,0.0
4552,-66.57630486272814
4553,0.0
4554,0.0
4555,0.0
4556,0.0
4557,0.0
4558,0.0
4559,-66.58036807412866
4560,0.0
4561,0.0
4562,0.0
4563,0.0
4564,0.0
4565,0.0
4566,-66.58389336729289
4567,0.0
4568,0.0
4569,0.0
4570,0.0
4571,0.0
4572,0.0
4573,0.0
4574,-65.6110047279931
4575,0.0
4576,0.0
4577,0.0
4578,0.0
4579,0.0
4580,0.0
4581,0.0
4582,0.0
4583,0.0
4584,0.0
4585,0.0
4586,0.0
4587,0.0
4588,0.0
4589,0.0
4590,0.0
4591,0.0
4592,-0.9759210884359012
4593,0.0
4594,0.0
4595,-2.517751397623395
4596,1.6108098492159921
4597,-66.46232191541847
4598,0.0
4599,0.0
4600,0.0
4601,-66.46496193323705
4602,0.0
4603,0.0
4604,0.0
4605,0.0
4606,-66.46645360457224
4607,0.0
4608,0.0
4609,-1.7828747664199323
4610,0.0
4611,0.0
4612,-64.28567236507116
4613,0.0
4614,-0.6170724070864017
4615,1.3501193551438937
4616,0.0
4617,0.0
4618,0.0
4619,0.0
4620,0.0
4621,0.0
4622,0.0
4623,0.0
4624,0.0
4625,0.0
4626,0.0
4627,0.0
4628,1.0674406285361946
4629,0.0
4630,0.0
4631,0.0
4632,0.0
4633,0.0
4634,0.0
4635,0.0
4636,0.0
4637,0.0
4638,0.0
4639,0.0
4640,0.0
4641,0.0
4642,0.0
4643,0.0
4644,66.64464266770693
4645,0.0
4646,0.0
4647,0.0
4648,0.0
4649,-0.46287369127379446
4650,1.7828747664199323
4651,0.0
4652,0.0
4653,0.0
4654,0.0
4655,0.0
4656,66.57164743252959
4657,0.0
4658,-66.64094155400994
4659,0.0
4660,-1.3501193551438937
4661,0.0
4662,2.862525557641149
4663,30.915320996426964
4664,0.0
4665,-65.57680479345697
4666,0.0
4667,67.07336032412563
4668,-33.05569030671336
4669,-31.78734860532124
4670,66.85477402066601
4671,-71.66572120309833
4672,65.74573775972445
4673,-31.749554391451085
4674,-30.907612868585943
4675,32.96322867887843
4676,1.2479287227070777
4677,-72.5122613984046
4678,-11.056119504699307
4679,31.613146031634898
4680,-29.423066327758818
4681,106.40645253500836
4682,-14.42225387825739
4683,0.9890268174650885
4684,-72.92736459922462
4685,29.03016659352744
4686,21.947654774632262
4687,8.140287240281907
4688,27.163948545485777
4689,-22.60213330240859
4690,26.073815012744937
4691,71.51826291521128
4692,-19.4624871928743
4693,-3.6221544780201973
4694,47.29847648971581
4695,29.5811278783224
4696,47.86585893028909
4697,1.3445834123305171
4698,0.0
4699,104.39066151819154
4700,-29.891078482390775
4701,0.0
4702,45.107227184364504
4703,29.38831235384972
4704,45.12824600456895
4705,-45.12824600456895
4706,45.12824600456895
4707,29.891078482390775
4708,0.4971297697023166
4709,-29.724441031841785
4710,-74.20144131478756
4711,-44.103831194008336
4712,0.46506587356702767
4713,44.27652216670145
4714,-117.56011629826399
4715,0.48015491353581297
4716,0.70607716752491
4717,-61.36258467513353
4718,-73.57636885719762
4719,32.54651325530584
4720,-62.42378700104657
4721,0.7760156359964299
4722,-72.31134480443006
4723,-63.10737334222907
4724,1.6781411739476226
4725,-58.40388496106085
4726,0.8540347018166491
4727,-64.89778449190229
4728,4.995206301962678
4729,0.9863232251282976
4730,34.70428736582522
4731,-64.36025161610152
4732,1.5130883158491315
4733,66.5619460628605
4734,0.0
4735,0.0
4736,0.0
4737,0.0
4738,0.0
4739,0.0
4740,0.0
4741,66.56815316991391
4742,0.0
4743,0.0
4744,0.0
4745,0.0
4746,0.0
4747,-1.2809991090316923
4748,0.0
4749,66.53997369710822
4750,0.0
4751,0.0
4752,0.0
4753,0.0
4754,0.0
4755,66.54298676105437
4756,0.0
4757,0.0
4758,0.0
4759,0.0
4760,66.5452749976744
4761,0.0
4762,0.0
4763,0.0
4764,0.0
4765,0.0
4766,67.9739968120457
4767,0.0
4768,0.0
4769,0.0
4770,0.0
4771,0.0
4772,0.0
4773,0.0
4774,66.58971741678576
4775,0.0
4776,0.0
4777,0.0
4778,0.0
4779,0.0
4780,-1.0233255934942065
4781,0.0
4782,0.0
4783,0.0
4784,0.0
4785,0.0
4786,0.0
4787,66.65182216505154
4788,0.0
4789,0.0
4790,0.0
4791,0.0
4792,0.0
4793,0.0
4794,0.0
4795,0.0
4796,0.0
4797,0.0
4798,0.0
4799,0.0
4800,0.9640663341516624
4801,0.0
4802,0.0
4803,0.0
4804,66.59501351125054
4805,0.0
4806,0.0
4807,0.0
4808,0.0
4809,0.0
4810,0.0
4811,0.0
4812,0.0
4813,0.0
4814,66.59709391154252
4815,0.0
4816,0.0
4817,0.0
4818,0.0
4819,0.5374946180549974
4820,-1.387551463389277
4821,0.0
4822,0.0
4823,0.0
4824,-1.0003683093287918
4825,0.0
4826,-1.1479361579421976
4827,0.0
4828,1.387551463389277
4829,-2.679129025891432
4830,0.0
4831,-66.46369413017345
4832,0.0
4833,0.0
4834,0.0
4835,0.0
4836,-66.46964152162649
4837,0.0
4838,0.0
4839,0.0
4840,-66.4745167469988
4841,0.0
4842,0.0
4843,0.0
4844,0.0
4845,-66.47837448729467
4846,0.0
4847,0.0
4848,0.0
4849,-66.48125152069908
4850,0.0
4851,0.0
4852,0.0
4853,0.0
4854,-66.48316758121999
4855,0.0
4856,0.0
4857,0.0
4858,0.0
4859,-69.54110039309948
4860,3.0569747997920635
4861,0.0
4862,0.0
4863,-1.7215816801150179
4864,-66.54540436580211
4865,0.0
4866,2.1322017227539902
4867,-0.5950484081266676
4868,1.2809991090316923
4869,0.0
4870,1.022328616870638
4871,0.0
4872,1.3555945576759618
4873,-1.2809991090316923
4874,-32.405862510294625
4875,0.0
4876,67.40191094630923
4877,1.29002225552514
4878,-4.65442704075727
4879,66.19067612022653
4880,0.0
4881,-0.08925378191359339
4882,0.0
4883,32.74447948351735
4884,0.0
4885,6.3986299496860966
4886,-32.84625592256489
4887,65.47473354101712
4888,-71.57452147899974
4889,32.66755599099772
4890,-32.23796910769063
4891,0.1384778087339574
4892,65.04757383616209
4893,-137.33402386565672
4894,-72.51757657782179
4895,-32.170298271403894
4896,0.31811584789925484
4897,32.10225833593228
4898,0.448632241860499
4899,-104.98708508416073
4900,-42.028567617267974
4901,32.09557204493407
4902,-30.5906243578157
4903,-55.64534024138842
4904,-74.3148239210869
4905,-58.09950074137594
4906,15.145477878700339
4907,14.34349477234349
4908,-90.53642078586215
4909,-17.00004820383647
4910,28.194137389351447
4911,-138.70613034748553
4912,6.97141926022565
4913,-46.305689780440915
4914,-17.799510913556798
4915,24.20148716075469
4916,0.13785820493706544
4917,-24.53692437043008
4918,-3.317637818288925
4919,-78.71425535224812
4920,65.47302105447201
4921,-55.75308256796549
4922,5.456447092192344
4923,-30.286594836592684
4924,-15.150506059274232
4925,-3.9278599972071504
4926,11.342249645345722
4927,-21.10968521756007
4928,18.458858200458177
4929,7.069211993602428
4930,12.708703671821317
4931,-28.627086315039918
4932,36.39432233535018
4933,-28.80752829103154
4934,33.586668430119815
4935,-1.5866447884814505
4936,-2.871606235219086
4937,33.247089154128304
4938,166.26027245330934
4939,66.45426788624107
4940,33.2205299319412
4941,66.42642642361334
4942,0.0
4943,99.71243699445012
4944,35.89733147481435
4945,66.49715141052279
4946,33.242244730859014
4947,0.0
4948,68.39589626312232
4949,-2.979237886981186
4950,66.30011453228448
4951,0.0
4952,0.0
4953,69.60564497848445
4954,33.214919862543255
4955,0.0
4956,0.0
4957,66.45952736698106
4958,0.0
4959,0.0
4960,0.0
4961,0.0
4962,66.45741098129298
4963,0.0
4964,0.0
4965,0.0
4966,0.0
4967,66.45406896192347
4968,-1.6108098492159921
4969,2.595942540452967
4970,0.0
4971,0.0
4972,0.0
4973,0.0
4974,66.58287661224225
4975,0.0
4976,0.0
4977,0.0
4978,0.0
4979,0.0
4980,0.0
4981,0.0
4982,0.0
4983,0.0
4984,67.73886357488728
4985,0.0
4986,0.0
4987,0.0
4988,0.0
4989,0.0
4990,0.0
4991,0.0
4992,0.0
4993,0.0
4994,0.0
4995,0.0
4996,0.0
4997,0.0
4998,0.0
4999,0.0
5000,1.060335934854114
5001,0.0
5002,0.0
5003,0.0
5004,0.0
5005,0.0
5006,0.0
5007,0.0
5008,-66.65089504247041
5009,0.0
5010,0.0
5011,0.0
5012,0.0
5013,0.0
5014,0.0
5015,0.0
5016,0.0
5017,0.0
5018,0.0
5019,0.0
5020,0.0
5021,0.0
5022,-66.64987828741977
5023,0.0
5024,0.0
5025,0.0
5026,0.0
5027,0.0
5028,0.0
5029,-1.058200856863086
5030,0.0
5031,0.0
5032,0.0
5033,0.0
5034,0.0
5035,0.0
5036,66.64987828741977
5037,0.0
5038,0.0
5039,0.0
5040,0.0
5041,0.0
5042,0.0
5043,0.0
5044,0.0
5045,0.0
5046,0.0
5047,0.0
5048,0.0
5049,0.0
5050,0.0
5051,66.64875996447938
5052,0.0
5053,0.0
5054,0.0
5055,0.0
5056,0.0
5057,0.0
5058,0.0
5059,0.0
5060,0.0
5061,0.0
5062,0.0
5063,0.0
5064,-1.1594226233397602
5065,66.57545714000317
5066,0.0
5067,0.0
5068,0.0
5069,0.0
5070,0.0
5071,0.0
5072,0.0
5073,66.57087029647215
5074,0.0
5075,0.0
5076,0.0
5077,1.4271161964337864
5078,0.0
5079,-2.963932847368393
5080,66.4172244989627
5081,2.3090327245663884
5082,0.0
5083,0.0
5084,66.34298026572458
5085,0.0
5086,0.0
5087,0.0
5088,66.33209170423768
5089,0.0
5090,0.0
5091,0.0
5092,69.29792806220595
5093,0.0
5094,-4.809229209907784
5095,69.75040783342669
5096,0.0
5097,0.0
5098,65.90064664978736
5099,0.0
5100,0.0
5101,65.86468525174627
5102,0.0
5103,71.56531963295953
5104,0.0
5105,0.0
5106,70.19497776692205
5107,0.0
5108,0.0
5109,65.9375899897435
5110,0.0
5111,0.0
5112,65.90090856569144
5113,0.0
5114,65.85442828293608
5115,0.0
5116,0.0
5117,65.79591943947042
5118,0.0
5119,0.0
5120,71.57855386820131
5121,-3.717958823030898
5122,0.0
5123,66.13752890901665
5124,-2.9877763222214546
5125,0.0
5126,0.0
5127,66.14329370487653
5128,0.0
5129,0.0
5130,0.0
5131,66.07273883346778
5132,0.0
5133,0.0
5134,0.0
5135,70.91913628100386
5136,0.0
5137,0.0
5138,-2.1963767908417253
5139,66.43072849984412
5140,0.0
5141,-1.5414929178220405
5142,0.0
5143,-0.9255292954025645
5144,-0.30861551877023885
5145,2.154786790017482
5146,0.9255292954025645
5147,1.5414929178220405
5148,0.0
5149,4.923943995504724
5150,3.3774458999838926
5151,-64.06402771502495
5152,4.670250484498221
5153,0.0
5154,-66.1357592410783
5155,0.0
5156,0.0
5157,-66.14604389691414
5158,0.0
5159,-69.96780836820591
5160,0.0
5161,0.0
5162,-65.87928137426857
5163,0.0
5164,-71.05484444588774
5165,0.0
5166,0.0
5167,-66.03611355494247
5168,0.0
5169,0.0
5170,-66.05280858553708
5171,0.0
5172,-66.06326190785718
5173,0.0
5174,0.0
5175,-66.06847417732797
5176,0.0
5177,-71.05100651350268
5178,0.0
5179,0.0
5180,-70.50955315196094
5181,0.0
5182,0.0
5183,-66.28393445439922
5184,0.0
5185,0.0
5186,0.0
5187,-70.01070328330232
5188,0.0
5189,0.0
5190,0.0
5191,-66.37691043374782
5192,0.0
5193,0.0
5194,0.0
5195,-66.37761563746807
5196,0.0
5197,0.0
5198,-66.37651433568337
5199,0.0
5200,0.0
5201,0.0
5202,-66.37368999527644
5203,0.0
5204,0.0
5205,0.0
5206,-66.36918662690749
5207,0.0
5208,0.0
5209,-66.36301275435201
5210,0.0
5211,0.0
5212,0.0
5213,-69.12294719744867
5214,0.0
5215,0.0
5216,0.0
5217,-66.2568475142443
5218,0.0
5219,0.0
5220,0.0
5221,-66.25087107333817
5222,0.0
5223,0.0
5224,-70.10460147994308
5225,0.0
5226,2.517751397623395
5227,0.0
5228,0.0
5229,-66.43632037852973
5230,0.0
5231,0.0
5232,0.0
5233,0.0
5234,-66.42757825441521
5235,0.0
5236,-2.963932847368393
5237,0.0
5238,0.0
5239,-66.52604741994365
5240,1.387551463389277
5241,0.0
5242,-1.8486856383059802
5243,0.46287369127379446
5244,0.0
5245,0.0
5246,0.0
5247,0.0
5248,0.0
5249,0.0
5250,0.0
5251,0.0
5252,0.0
5253,0.0
5254,0.0
5255,0.0
5256,0.0
5257,0.0
5258,0.0
5259,0.0
5260,0.0
5261,0.0
5262,0.0
5263,0.0
5264,-1.079946098360196
5265,0.0
5266,0.0
5267,0.0
5268,0.0
5269,-1.387551463389277
5270,0.0
5271,0.0
5272,0.0
5273,0.0
5274,0.0
5275,0.0
5276,0.0
5277,66.61388229078943
5278,0.0
5279,0.0
5280,0.0
5281,0.0
5282,0.0
5283,0.0
5284,0.0
5285,0.0
5286,0.0
5287,0.0
5288,0.0
5289,66.6107851354468
5290,0.0
5291,0.0
5292,0.0
5293,0.0
5294,0.0
5295,0.0
5296,0.0
5297,-33.277451802113475
5298,0.0
5299,0.0
5300,67.1661864556891
5301,-66.55800075956957
5302,0.0
5303,0.0
5304,-33.28339575526395
5305,-2.246925308111969
5306,-66.45973482249067
5307,-1.3148806490296039
5308,33.26187924241045
5309,-34.21077676302259
5310,0.0
5311,-4.540269694020793
5312,-34.25442971249453
5313,4.641282940303171
5314,-5.671623000552492
5315,-33.62621875245324
5316,64.52110964685835
5317,-146.0491728864336
5318,72.15606897318096
5319,-74.49276944457188
5320,31.122026373701082
5321,-11.346827033523965
5322,-2.3583966783547794
5323,-44.06817577829969
5324,-15.117558565156013
5325,28.419278183633406
5326,-76.41335608421471
5327,-17.629755821756987
5328,72.11632648382131
5329,-121.14454677217878
5330,53.76271377427931
5331,-21.956803816500546
5332,117.69408006601032
5333,-70.82133776360683
5334,-24.999156555550194
5335,21.114762021112437
5336,19.995504216758064
5337,-27.91188206504671
5338,90.9500266586754
5339,-29.15858584050663
5340,-0.9971695607442637
5341,15.45103108994989
5342,58.24889378096596
5343,41.723598082329026
5344,-2.2624808004586328
5345,9.391980875926484
5346,-34.09428502810883
5347,-1.0475276214677365
5348,104.78101297890134
5349,97.22555417401585
5350,-32.31373259272725
5351,104.80965495365928
5352,0.17215345479542066
5353,0.0
5354,39.80056398197197
5355,-7.7705477554388835
5356,104.42597451183863
5357,-65.20162824298576
5358,65.3712891207365
5359,0.0
5360,0.17796613492748747
5361,0.0
5362,-32.412761673791124
5363,0.0
5364,-33.569006499203155
5365,-71.60773297348395
5366,6.294432082361823
5367,-6.855629567277314
5368,0.0
5369,-65.42405560493853
5370,-0.9616575316326722
5371,-32.77928234324747
5372,0.0
5373,-66.98178945264259
5374,0.0
5375,-1.061715434346766
5376,-66.22215596469516
5377,-1.02715905258061
5378,-0.7392009325171738
5379,1.2186064909279537
5380,-1.25791361062646
5381,-0.961844947567414
5382,-1.2186064909279537
5383,-1.4732013011356553
5384,-1.1706516254826957
5385,0.0
5386,0.0
5387,0.0
5388,66.43379136269043
5389,0.0
5390,0.0
5391,0.0
5392,0.0
5393,66.43002888009697
5394,0.0
5395,0.0
5396,0.0
5397,66.42522148699992
5398,0.0
5399,0.0
5400,0.0
5401,0.0
5402,69.55820615880532
5403,0.0
5404,0.0
5405,0.0
5406,66.498740140923
5407,0.0
5408,0.0
5409,0.0
5410,0.0
5411,66.49546881999935
5412,0.0
5413,0.9871103560899523
5414,0.0
5415,0.0
5416,0.964242505159992
5417,0.0
5418,0.0
5419,0.0
5420,66.65266988777651
5421,0.0
5422,0.0
5423,0.0
5424,0.0
5425,0.0
5426,0.0
5427,0.0
5428,0.0
5429,0.0
5430,0.0
5431,0.0
5432,0.0
5433,0.0
5434,-1.0186327273136917
5435,0.0
5436,66.59555976908844
5437,0.0
5438,1.3146521128156508
5439,-2.517751397623395
5440,2.1880641403650243
5441,-3.515240854251308
5442,69.29545822428693
5443,0.0
5444,0.0
5445,0.0
5446,66.23142312256198
5447,0.0
5448,0.0
5449,66.22215596469516
5450,0.0
5451,0.0
5452,3.862167916014888
5453,63.57380279662692
5454,0.0
5455,0.0
5456,0.0
5457,67.43005787324243
5458,0.0
5459,-1.1620054949543621
5460,1.7828747664199323
5461,-0.3875445071045647
5462,0.9825929152312323
5463,1.1620054949543621
5464,-0.5950484081266676
5465,1.9345874814282147
5466,0.9211798627049461
5467,-66.43818520604181
5468,0.0
5469,0.0
5470,0.0
5471,0.0
5472,-66.43651402048553
5473,0.0
5474,0.0
5475,0.0
5476,-66.43379136269043
5477,0.0
5478,0.0
5479,-2.679129025891432
5480,-62.526344566335965
5481,0.0
5482,0.0
5483,1.030639266830491
5484,-66.01934915167197
5485,0.0
5486,-66.01279184727034
5487,0.0
5488,0.0
5489,-66.00329388543335
5490,0.0
5491,-70.12490519384471
5492,0.0
5493,0.0
5494,-71.18756562222283
5495,0.0
5496,0.0
5497,-66.00894688688541
5498,0.0
5499,-66.00132547851251
5500,0.0
5501,3.8204978283225444
5502,-70.87270606286515
5503,0.0
5504,2.905341474013312
5505,-3.739207046023315
5506,-66.41544944526578
5507,-0.7392009325171738
5508,1.2186064909279537
5509,-1.6643572379515823
5510,0.4064436273251223
5511,0.0
5512,0.0
5513,0.0
5514,0.0
5515,0.0
5516,0.0
5517,0.0
5518,-33.333333333333336
5519,0.0
5520,-0.9521704935759583
5521,0.0
5522,-66.6486364710257
5523,-1.1356307253232483
5524,0.5554013202422918
5525,0.0
5526,-35.14860146760815
5527,-0.9202713349600582
5528,-33.20525100515705
5529,-0.4773858653153459
5530,-3.8431205153078927
5531,-0.8270102919217001
5532,-0.46448540447971237
5533,26.989261780246565
5534,-98.96724059625845
5535,64.90272972813145
5536,-40.867851626635364
5537,-9.024432112485908
5538,72.49675023800488
5539,-42.47277629410628
5540,31.025214904748093
5541,-12.854531025703391
5542,-0.4515245848258095
5543,-44.548633476869526
5544,13.679770502110483
5545,-0.47020079481067495
5546,-35.7631814830081
5547,18.118210858891597
5548,-19.154884309979536
5549,26.64854862661059
5550,50.601417718472895
5551,24.080140011522154
5552,0.6255836707654321
5553,-2.754836996291251
5554,-26.024629916797913
5555,46.8893642773035
5556,65.20667280455423
5557,-44.772300380070604
5558,61.803460211253736
5559,45.19311546949349
5560,30.021071622993865
5561,74.75108549582714
5562,74.26414476285738
5563,0.0
5564,44.34397625573396
5565,44.16899039524651
5566,-58.09567292889
5567,44.32388203800007
5568,44.138219894392236
5569,-44.138219894392236
5570,30.95717965491171
5571,13.22977936080297
5572,31.130316282496295
5573,-30.948895875891225
5574,-74.19554617511135
5575,43.07476425947196
5576,-0.04087633903419412
5577,-73.84288821929891
5578,-31.549715588929672
5579,-9.485631709703313
5580,-31.209409646249973
5581,-63.711365811844566
5582,0.8308522024590796
5583,7.069507428292236
5584,-65.38367725628666
5585,-5.288468639795951
5586,-27.13656078022512
5587,0.7477420599731962
5588,1.130552248675206
5589,2.1322017227539902
5590,0.6639267019452907
5591,0.6170724070864017
5592,67.09394687541064
5593,0.0
5594,0.0
5595,0.0
5596,0.0
5597,0.0
5598,0.0
5599,0.0
5600,0.0
5601,0.0
5602,0.0
5603,0.0
5604,0.0
5605,66.64464266770693
5606,0.0
5607,0.0
5608,0.0
5609,0.0
5610,0.0
5611,0.0
5612,0.0
5613,0.0
5614,0.0
5615,0.0
5616,0.0
5617,0.0
5618,0.0
5619,0.0
5620,0.0
5621,0.0
5622,0.0
5623,0.0
5624,0.0
5625,0.0
5626,0.0
5627,0.0
5628,0.0
5629,0.0
5630,0.0
5631,0.0
5632,0.0
5633,0.0
5634,0.0
5635,0.0
5636,66.64616016166724
5637,0.0
5638,0.0
5639,0.0
5640,0.0
5641,0.0
5642,0.0
5643,0.0
5644,0.0
5645,-0.4760933341065273
5646,0.0
5647,0.0
5648,0.0
5649,0.0
5650,0.0
5651,0.0
5652,0.0
5653,0.4760933341065273
5654,0.0
5655,66.64752608378173
5656,0.0
5657,0.0
5658,0.0
5659,0.0
5660,0.0
5661,0.0
5662,0.0
5663,0.0
5664,0.0
5665,0.0
5666,0.0
5667,0.0
5668,0.0
5669,0.0
5670,0.0
5671,0.0
5672,0.0
5673,0.0
5674,0.0
5675,0.0
5676,0.0
5677,0.0
5678,0.0
5679,0.0
5680,0.0
5681,0.0
5682,0.0
5683,0.0
5684,0.0
5685,0.0
5686,0.0
5687,0.0
5688,0.0
5689,0.0
5690,0.0
5691,0.0
5692,0.0
5693,0.0
5694,0.0
5695,0.0
5696,66.64875996447938
5697,0.0
5698,0.0
5699,0.0
5700,0.0
5701,0.0
5702,0.0
5703,0.0
5704,0.0
5705,0.0
5706,0.0
5707,0.0
5708,0.0
5709,0.0
5710,0.0
5711,0.0
5712,0.0
5713,0.0
5714,0.0
5715,0.0
5716,0.0
5717,0.0
5718,0.0
5719,0.0
5720,0.0
5721,0.0
5722,0.0
5723,0.0
5724,-1.0424292326668194
5725,0.0
5726,0.0
5727,0.0
5728,0.0
5729,0.0
5730,0.0
5731,0.0
5732,0.0
5733,0.0
5734,0.0
5735,0.0
5736,0.0
5737,0.0
5738,-66.65182216505154
5739,0.0
5740,0.0
5741,0.0
5742,0.0
5743,0.0
5744,0.0
5745,0.0
5746,0.0
5747,0.0
5748,0.0
5749,0.0
5750,0.0
5751,0.0
5752,0.0
5753,0.0
5754,0.0
5755,0.0
5756,-66.65266988777651
5757,0.0
5758,0.0
5759,0.0
5760,0.0
5761,0.0
5762,1.0506352372337584
5763,0.0
5764,0.0
5765,0.0
5766,0.0
5767,0.0
5768,0.0
5769,66.64752608378173
5770,0.0
5771,0.0
5772,0.0
5773,0.0
5774,0.0
5775,0.0
5776,0.0
5777,0.0
5778,0.0
5779,0.0
5780,0.0
5781,0.0
5782,0.0
5783,0.0
5784,0.0
5785,0.0
5786,0.0
5787,-1.045491433238984
5788,0.0
5789,0.0
5790,0.0
5791,0.0
5792,0.0
5793,0.0
5794,0.0
5795,0.0
5796,0.0
5797,0.0
5798,0.0
5799,0.0
5800,0.0
5801,0.0
5802,0.0
5803,0.0
5804,-66.65266988777651
5805,0.0
5806,0.0
5807,0.0
5808,0.0
5809,0.0
5810,1.0506352372337584
5811,0.0
5812,0.0
5813,0.0
5814,0.0
5815,0.0
5816,0.0
5817,0.0
5818,0.0
5819,0.0
5820,0.0
5821,0.0
5822,0.0
5823,0.0
5824,0.0
5825,0.0
5826,0.0
5827,0.0
5828,0.0
5829,0.0
5830,0.0
5831,-1.0506352372337584
5832,0.0
5833,0.0
5834,0.0
5835,0.0
5836,0.0
5837,0.0
5838,0.0
5839,0.0
5840,0.0
5841,0.0
5842,0.0
5843,0.0
5844,0.0
5845,0.0
5846,0.0
5847,0.0
5848,0.0
5849,-66.65344702383393
5850,0.0
5851,0.0
5852,0.0
5853,0.0
5854,0.0
5855,0.0
5856,0.0
5857,1.0579220994004621
5858,0.0
5859,0.0
5860,0.0
5861,0.0
5862,0.0
5863,0.0
5864,0.0
5865,0.0
5866,0.0
5867,0.0
5868,0.0
5869,0.0
5870,-1.0579220994004621
5871,0.0
5872,0.0
5873,0.0
5874,0.0
5875,0.0
5876,0.0
5877,0.0
5878,0.0
5879,0.0
5880,0.0
5881,0.0
5882,0.0
5883,0.0
5884,0.0
5885,0.0
5886,0.0
5887,0.0
5888,0.0
5889,1.0579220994004621
5890,0.0
5891,0.0
5892,0.0
5893,0.0
5894,0.0
5895,0.0
5896,0.0
5897,0.0
5898,0.0
5899,0.0
5900,0.0
5901,0.0
5902,0.0
5903,0.0
5904,0.0
5905,0.0
5906,0.0
5907,0.0
5908,0.0
5909,0.0
5910,0.0
5911,0.0
5912,0.0
5913,0.0
5914,66.64616016166724
5915,0.0
5916,0.0
5917,0.0
5918,0.0
5919,0.0
5920,0.0
5921,0.0
5922,0.0
5923,0.0
5924,0.0
5925,0.0
5926,-0.4760933341065273
5927,1.7215816801150179
5928,0.0
5929,0.0
5930,0.0
5931,66.57630486272814
5932,0.0
5933,-66.63945024494377
5934,0.0
5935,0.0
5936,0.0
5937,-34.670947218653225
5938,2.7678035538951207
5939,-0.1128137383626419
5940,-2.1880641403650243
5941,3.739207046023315
5942,-36.2118154244494
5943,37.709008840923985
5944,-3.8204978283225444
5945,-64.93734989100659
5946,32.77928234324747
5947,1.2221982799876705
5948,1.079827986230697
5949,-46.412115214144244
5950,8.339272642352807
5951,-39.74485783648092
5952,0.8016214461960658
5953,-41.55756528075235
5954,44.18178077961201
5955,1.4154149423977933
5956,-41.94474245798598
5957,-12.409372547959663
5958,30.814983400405776
5959,-72.58275142236765
5960,2.051525734011269
5961,-16.467819824879136
5962,56.76399021054598
5963,-24.813600923280177
5964,27.89498106061714
5965,-93.98016991062477
5966,26.11991255891629
5967,20.864186443870146
5968,46.99607090783834
5969,-93.03311690226958
5970,-21.811239452225333
5971,-25.095216599802466
5972,0.0
5973,-21.338869175381586
5974,-71.73314361136818
5975,0.9616828927962711
5976,-22.085224839649463
5977,-94.20285045031551
5978,-21.97288626795384
5979,-70.42074647964753
5980,-93.66327499600082
5981,-46.39556515141112
5982,-71.07808187954787
5983,23.41174562135867
5984,-24.295190185670755
5985,-24.601128228263985
5986,-164.57892529600608
5987,-6.120476168242798
5988,-71.43275420040236
5989,-7.729508936076949
5990,-53.98166015461404
5991,5.821627158231024
5992,-147.4298490377322
5993,32.266272947008666
5994,-44.43514800213725
5995,-15.807145308791586
5996,-47.88982910774304
5997,-49.51062503446101
5998,-43.35993594380886
5999,-53.85773185604587
6000,16.167052734754844
6001,-50.494518509921235
6002,10.78362771249862
6003,-56.15570366183936
6004,7.236926607858862
6005,2.1491406548001635
6006,1.2690687641743637
6007,-5.634549441755373
6008,-4.291958969280548
6009,55.76979321021156
6010,-18.52088919827774
6011,58.13473951344837
6012,46.8843813072868
6013,-30.714230018311167
6014,148.5632782470354
6015,73.44390541845083
6016,62.73131495307188
6017,74.39199194982915
6018,105.06656594362269
6019,62.723233209968285
6020,0.0
6021,85.38542137646512
6022,62.63168363841037
6023,85.4981457963947
6024,62.57098424627294
6025,73.54041707376679
6026,62.993306939347704
6027,84.8433630159517
6028,62.947941708100196
6029,73.44111267888435
6030,0.0
6031,73.24220855637111
6032,73.00034183742218
6033,72.71347772016922
6034,-9.374499613176587
6035,72.66771196649546
6036,72.26531649307262
6037,-1.0395945211926736
6038,71.32871256106945
6039,58.984992001456504
6040,5.32241494616604
6041,-1.1062036102596078
6042,65.2083162125237
6043,-0.8952221188884835
6044,0.0
6045,66.47837448729467
6046,0.0
6047,0.0
6048,0.0
6049,69.70647872645858
6050,0.0
6051,0.0
6052,0.0
6053,0.0
6054,66.39679855264784
6055,0.0
6056,0.0
6057,0.0
6058,66.40224221591211
6059,-3.0569747997920635
6060,0.0
6061,1.7215816801150179
6062,0.0
6063,66.54540436580211
6064,0.0
6065,0.0
6066,0.0
6067,0.0
6068,0.0
6069,66.54890296928264
6070,0.0
6071,0.0
6072,0.0
6073,0.0
6074,0.0
6075,66.55186172076633
6076,0.0
6077,0.0
6078,0.0
6079,0.0
6080,66.55428722624777
6081,0.0
6082,0.0
6083,0.0
6084,0.0
6085,0.0
6086,66.55617630383321
6087,0.0
6088,0.0
6089,2.7040546291248786
6090,0.0
6091,66.49645792855452
6092,0.0
6093,0.0
6094,0.0
6095,0.0
6096,66.49990814848212
6097,0.0
6098,0.0
6099,0.0
6100,66.50256780237704
6101,0.0
6102,0.0
6103,0.0
6104,0.0
6105,66.50439283166953
6106,0.0
6107,0.0
6108,0.0
6109,66.50531529821677
6110,0.0
6111,0.0
6112,0.0
6113,0.0
6114,64.13045774952101
6115,0.9252125773315356
6116,-1.6983831192462162
6117,0.0
6118,-1.0198773861844757
6119,0.0
6120,-1.2653132230444917
6121,0.34010064571295595
6122,1.0198773861844757
6123,-1.0687468459167349
6124,0.0
6125,-66.40983690526893
6126,0.0
6127,0.0
6128,0.0
6129,0.0
6130,0.0
6131,-66.42631120255741
6132,0.0
6133,0.0
6134,0.0
6135,0.0
6136,-66.43989794297471
6137,0.0
6138,0.0
6139,0.0
6140,0.0
6141,0.0
6142,-66.451069199708
6143,0.0
6144,0.0
6145,0.0
6146,0.0
6147,-68.35095902947059
6148,0.0
6149,0.0
6150,0.0
6151,0.0
6152,0.0
6153,-66.51136624609701
6154,-1.1620054949543621
6155,2.078828621865488
6156,-0.3875445071045647
6157,-33.305590248832694
6158,1.0539447202248198
6159,0.0
6160,1.1620054949543621
6161,-0.6664002131202551
6162,1.9345874814282147
6163,-65.76196986981392
6164,69.82323360472928
6165,0.9443978528591875
6166,-28.250618675519
6167,67.08344155650904
6168,-65.04787788315554
6169,40.43473064366256
6170,8.084097815899346
6171,65.6091609839199
6172,-53.62159808313389
6173,0.9619417116158029
6174,12.397277947955487
6175,-43.07674192303613
6176,74.40265515173887
6177,-0.24051363761567285
6178,-74.03177075679703
6179,31.23219262664243
6180,-31.02318569109765
6181,11.999302861116353
6182,-42.94832199494667
6183,-74.13302237269501
6184,0.0
6185,-74.32780549222429
6186,-30.655703399740496
6187,-60.61055846745968
6188,-29.721093571983914
6189,-44.09690118085834
6190,-44.63568927695931
6191,-58.787332151376624
6192,29.451085408885785
6193,-177.52416008427215
6194,-45.16048450460536
6195,-17.657086945685073
6196,-55.531196617283506
6197,-92.09884142298606
6198,-93.00467321886288
6199,73.26983105870303
6200,-93.85811144100961
6201,-94.09231379122953
6202,-22.62824261740756
6203,-47.3897922138806
6204,-93.92989322098089
6205,-2.241136586422717
6206,-72.65759336460309
6207,0.11119727736534912
6208,-53.49924592277352
6209,-129.23589176759728
6210,74.04074681921529
6211,-41.18921968720043
6212,-89.77602220364318
6213,-61.25348184888857
6214,12.571416344833846
6215,-40.66604908811537
6216,-74.9009568512129
6217,-47.498178619959575
6218,6.373562784429984
6219,-27.35641346230082
6220,9.063656356338376
6221,-64.43119193403628
6222,1.8716114380171216
6223,-0.9795455308802067
6224,-2.561735887942973
6225,66.55158089829646
6226,33.27227703128249
6227,66.60307362966999
6228,0.0
6229,66.5312113059926
6230,0.0
6231,0.0
6232,0.0
6233,33.261105044856976
6234,67.4677527719761
6235,0.0
6236,0.0
6237,0.0
6238,0.0
6239,0.0
6240,66.54389406518723
6241,0.0
6242,0.0
6243,0.0
6244,0.0
6245,0.0
6246,66.5443076259288
6247,0.0
6248,0.0
6249,0.0
6250,0.0
6251,0.0
6252,66.54388215274227
6253,0.0
6254,0.0
6255,0.0
6256,0.0
6257,66.54268876077356
6258,0.0
6259,0.0
6260,0.0
6261,0.0
6262,0.0
6263,66.54077471777408
6264,0.0
6265,0.0
6266,0.0
6267,0.0
6268,0.0
6269,68.72623192666593
6270,0.0
6271,-0.6664002131202551
6272,1.3146521128156508
6273,0.0
6274,0.0
6275,0.0
6276,0.0
6277,0.0
6278,0.0
6279,0.0
6280,0.0
6281,0.0
6282,0.0
6283,0.0
6284,0.0
6285,0.0
6286,0.0
6287,0.0
6288,0.0
6289,0.0
6290,66.65481902843098
6291,0.0
6292,0.0
6293,0.0
6294,0.0
6295,0.0
6296,0.0
6297,0.0
6298,0.0
6299,0.0
6300,0.0
6301,-1.3501193551438937
6302,0.6407887505124185
6303,0.0
6304,-2.246925308111969
6305,68.37959096702284
6306,-3.225227205759514
6307,0.0
6308,0.0
6309,0.0
6310,66.36918662690749
6311,0.0
6312,0.0
6313,0.0
6314,66.36301275435201
6315,0.0
6316,0.0
6317,0.0
6318,66.35514364355355
6319,2.7678035538951207
6320,0.0
6321,66.2568475142443
6322,-4.641282940303171
6323,3.739207046023315
6324,65.98881074022518
6325,-1.1810461089878526
6326,0.0
6327,65.65195937637185
6328,0.0
6329,65.63244366523064
6330,0.0
6331,77.2047245838716
6332,0.0
6333,65.66260812745787
6334,0.0
6335,65.6470097312609
6336,0.0
6337,0.0
6338,65.6248505714526
6339,0.0
6340,65.5955804752144
6341,0.0
6342,71.95746009402248
6343,0.0
6344,61.36037695576657
6345,0.0
6346,5.235882127445635
6347,62.55644129697717
6348,0.0
6349,-2.767989220112573
6350,70.36565916682207
6351,-1.9345874814282147
6352,1.3302227630785999
6353,0.0
6354,-0.3875445071045647
6355,1.2203576571309327
6356,0.0
6357,0.0
6358,0.0
6359,0.0
6360,0.0
6361,0.0
6362,0.0
6363,0.0
6364,0.0
6365,0.0
6366,0.0
6367,0.0
6368,0.0
6369,-66.65744200043757
6370,0.0
6371,0.0
6372,0.0
6373,0.0
6374,0.0
6375,0.0
6376,0.0
6377,0.0
6378,0.0
6379,0.0
6380,0.0
6381,0.0
6382,-1.189970560954971
6383,0.0
6384,0.0
6385,0.39676917333366646
6386,0.0
6387,-1.1846020014360192
6388,0.0
6389,68.40679695781814
6390,-1.4291845013719495
6391,0.0
6392,0.0
6393,66.13875532853419
6394,0.0
6395,0.0
6396,70.68659029845121
6397,0.0
6398,0.0
6399,0.0
6400,66.32283459352854
6401,0.0
6402,3.2451894192104667
6403,-4.84779110027939
6404,65.93746309603907
6405,0.0
6406,3.874058984754451
6407,70.2687478644144
6408,0.0
6409,65.63269393402393
6410,0.0
6411,0.0
6412,65.54348538496792
6413,0.0
6414,72.22224876691831
6415,0.0
6416,0.0
6417,65.8690985847367
6418,0.0
6419,65.78426631428016
6420,0.0
6421,0.0
6422,65.66808372153238
6423,0.0
6424,0.0
6425,65.50615827753603
6426,0.0
6427,68.3996566056095
6428,0.0
6429,-3.258005794416382
6430,0.0
6431,63.523753424382555
6432,-2.0428579108423626
6433,-1.4605281641514978
6434,0.0
6435,-0.8768557146635677
6436,2.758751009940615
6437,0.8768557146635677
6438,1.4605281641514978
6439,2.0428579108423626
6440,0.0
6441,0.0
6442,0.0
6443,-66.58343727246059
6444,0.0
6445,0.0
6446,0.0
6447,0.0
6448,0.0
6449,-66.58042248746152
6450,0.0
6451,0.0
6452,0.0
6453,0.0
6454,0.0
6455,-66.57724110418026
6456,0.0
6457,0.0
6458,0.0
6459,0.0
6460,0.0
6461,-66.57388063500989
6462,0.0
6463,0.0
6464,0.0
6465,0.0
6466,-66.57032740173534
6467,0.0
6468,0.0
6469,0.0
6470,0.0
6471,0.0
6472,-66.5665663968845
6473,0.0
6474,0.0
6475,0.0
6476,0.0
6477,0.0
6478,-66.56258112589461
6479,0.0
6480,0.0
6481,0.0
6482,0.0
6483,-1.2801603468432177
6484,-63.41891430172358
6485,0.0
6486,0.0
6487,3.717958823030898
6488,-66.33537432511172
6489,0.0
6490,0.0
6491,-69.44448820289821
6492,0.0
6493,0.0
6494,-66.1501404994103
6495,0.0
6496,0.0
6497,-66.16478917864323
6498,0.0
6499,0.0
6500,-66.17447090611974
6501,0.0
6502,0.0
6503,-66.17993326210664
6504,4.981837646636933
6505,-4.133239130496828
6506,-65.8719709645381
6507,0.0
6508,-65.12056343593808
6509,0.0
6510,-58.591747775682045
6511,-6.398984400737954
6512,-57.21508246626985
6513,-7.444413648114434
6514,-55.76166331162481
6515,-72.51555099250133
6516,-73.47540243296477
6517,0.0
6518,-73.01073777651936
6519,-64.10791696414897
6520,0.0
6521,-64.11141579142583
6522,-73.58702721960668
6523,-72.91448613588165
6524,0.0
6525,-64.094257739704
6526,-73.44832169709363
6527,0.0
6528,-64.34631883026434
6529,-73.23722755110064
6530,-64.59140750169219
6531,0.0
6532,-65.66713066277727
6533,0.0
6534,-72.45672389986335
6535,-59.13064286960115
6536,-6.398984400737954
6537,-60.44576621890083
6538,4.431528469152113
6539,-5.235882127445635
6540,-62.55644129697717
6541,-1.1713549754687118
6542,1.9804819865773502
6543,0.0
6544,0.0
6545,-66.47220947638992
6546,0.0
6547,0.0
6548,0.0
6549,0.0
6550,0.0
6551,-66.45742195758959
6552,0.0
6553,0.0
6554,0.0
6555,0.0
6556,0.0
6557,-69.20694081177352
6558,0.0
6559,1.1104259504406855
6560,0.0
6561,0.0
6562,0.0
6563,0.0
6564,0.0
6565,0.0
6566,0.0
6567,-66.60428509984312
6568,0.0
6569,0.0
6570,0.0
6571,0.0
6572,0.0
6573,0.0
6574,0.0
6575,0.0
6576,0.0
6577,0.3622760436452192
6578,-33.333333333333336
6579,-1.3341153366346485
6580,0.0
6581,0.0
6582,-66.65219750662507
6583,0.0
6584,0.0
6585,-33.326532694285525
6586,0.0
6587,-66.65384985278115
6588,-33.32728756702987
6589,0.0
6590,-33.32751142562742
6591,-0.9255292954025645
6592,-66.62261866874721
6593,-34.77299556112475
6594,-66.57763932154594
6595,-33.29104108448794
6596,-66.58616759505402
6597,-66.5911902403804
6598,-66.59575726901087
6599,-35.03833805212082
6600,-67.70970275239043
6601,-99.80103981481771
6602,-69.05506797217575
6603,-102.54636227707248
6604,-102.7741598194903
6605,-40.89524668180218
6606,-103.71866549175243
6607,-109.23040227677016
6608,-39.593009481808394
6609,-38.958515775865976
6610,-13.376019810984968
6611,-145.08863275749206
6612,16.269086616508826
6613,-18.013043428643982
6614,-125.03568155988727
6615,2.247821523261943
6616,-98.40482241164352
6617,78.16639796774373
6618,-82.75443512010791
6619,1.684914785757504
6620,-102.25109708976987
6621,61.90751325230129
6622,3.965386073546995
6623,-42.146890393882096
